Han term	PFS term	resource key	Han occurrences	PFS occurrences
保存	pó-sùn	ui_save	1	1
保存	pó-sùn	ui_save_your_changes	1	1
保存	pó-sùn	ui_your_current_image_has_unsaved_changes	1	1
保存	pó-sùn	ui_saved_palette23	1	1
保存	pó-sùn	ui_save_and_share	1	1
保存	pó-sùn	ui_share_explanation34	2	2
保存	pó-sùn	ui_a_separate_recovery_copy_has_been_kept_use	1	1
保存	pó-sùn	ui_add_up_to_20_images_with_android_s	1	1
保存	pó-sùn	ui_assembly_saved	1	1
保存	pó-sùn	ui_autosave_failed_use_save	2	2
保存	pó-sùn	ui_autosave_image_encoding_failed	1	1
保存	pó-sùn	ui_autosave_is_paused_to_protect_that_draft_use	3	3
保存	pó-sùn	ui_autosave_metadata_is_missing	1	1
保存	pó-sùn	ui_autosave_paused_use_save	2	2
保存	pó-sùn	ui_autosave_pixels_are_missing	1	1
保存	pó-sùn	ui_autosave_pixels_could_not_be_read	1	1
保存	pó-sùn	ui_autosave_selection_encoding_failed	1	1
保存	pó-sùn	ui_autosaving_draft	1	1
保存	pó-sùn	ui_could_not_save_image	1	1
保存	pó-sùn	ui_could_not_save_the_assembly	1	1
保存	pó-sùn	ui_could_not_store_the_assembly	1	1
保存	pó-sùn	ui_draft_not_saved_yet	1	1
保存	pó-sùn	ui_draft_pending	1	1
保存	pó-sùn	ui_draft_saved	1	1
保存	pó-sùn	ui_invalid_autosave_metadata	1	1
保存	pó-sùn	ui_not_enough_memory_to_save_in_this_format	1	1
保存	pó-sùn	ui_save_and_share_41edb4	1	1
保存	pó-sùn	ui_save_as	1	1
保存	pó-sùn	ui_save_as_jpeg	1	1
保存	pó-sùn	ui_save_as_jpeg_xl	1	1
保存	pó-sùn	ui_save_as_png	1	1
保存	pó-sùn	ui_save_png	1	1
保存	pó-sùn	ui_saved	1	1
保存	pó-sùn	ui_share_saved_image	1	1
保存	pó-sùn	ui_some_previews_could_not_be_decoded_you_can	1	1
保存	pó-sùn	ui_the_arrow_on_the_left_directly_below_the	11	11
保存	pó-sùn	ui_the_draft_is_saving_try_again_shortly	1	1
保存	pó-sùn	ui_the_image_was_saved_but_android_could_not	1	1
保存	pó-sùn	ui_the_saved_assembly_could_not_be_opened	1	1
保存	pó-sùn	ui_save_explanation23	2	2
保存	pó-sùn	ui_export_explanation23	1	1
保存	pó-sùn	ui_export_did_not_save23	2	2
保存	pó-sùn	ui_help23	7	7
保存	pó-sùn	colour20_stored_slot	1	1
保存	pó-sùn	colour20_empty_slot	1	1
保存	pó-sùn	colour20_save_slot	1	1
保存	pó-sùn	colour20_saved_slot	1	1
保存	pó-sùn	ui_save_as_webp	1	1
保存	pó-sùn	ui_save_as_heic	1	1
保存	pó-sùn	ui_save_as_avif	1	1
保存	pó-sùn	formats22_tiff_description	1	1
保存	pó-sùn	formats22_dib_description	1	1
保存	pó-sùn	formats22_animation_message	1	1
保存	pó-sùn	formats22_animation_unknown	1	1
保存	pó-sùn	formats22_derived_exported	2	2
保存	pó-sùn	formats22_pdf_encrypted	1	1
保存	pó-sùn	gallery_credit_saved	1	1
保存	pó-sùn	formats22_ico_description	1	1
系統	ne-thúng	language20_device_default	1	1
系統	ne-thúng	ui_d_d_pixels_2f_mp_exceeds_the_current	1	1
系統	ne-thúng	ui_there_is_not_enough_memory_for_this_operation	1	1
肚背	tú-poi	ui_crop_preview_drag_an_edge_or_corner_drag	1	1
肚背	tú-poi	ui_drag_a_selection_drag_inside_to_move_square	1	1
肚背	tú-poi	ui_drag_out_to_expand_in_to_trim_drag	1	1
肚背	tú-poi	ui_draw_around_an_area_drag_inside_to_move	1	1
肚背	tú-poi	ui_the_arrow_on_the_left_directly_below_the	1	1
下背	hâ-poi	ui_bottom	1	1
下背	hâ-poi	ui_add_up_to_20_images_with_android_s	2	2
下背	hâ-poi	ui_an_image_cannot_attach_to_itself_or_one	1	1
下背	hâ-poi	ui_drag_between_opposite_corners_choose_outline_or_fill	1	1
下背	hâ-poi	ui_drop_at_a_highlighted_edge_right_top_aligned	1	1
下背	hâ-poi	ui_image_assembly_workspace_drag_placed_images_or_drop	1	1
下背	hâ-poi	ui_keeps_pixels_at_the_top_left_smaller_canvas	1	1
下背	hâ-poi	ui_the_arrow_on_the_left_directly_below_the	7	7
下背	hâ-poi	ui_trim_from_the_original_edges_drag_the_handles	1	1
下背	hâ-poi	gallery_credit_edit_hint	1	1
下擺	ha pái	ui_add_up_to_20_images_with_android_s	1	1
下擺	ha pái	ui_the_arrow_on_the_left_directly_below_the	1	1
下擺	ha pái	ui_save_explanation23	1	1
下擺	ha pái	ui_help23	1	1
