pr	locale	path	original_commit	integration_source_commit	original_blob	integration_blob	result
2	ja	Paintroid/src/main/res/values-ja/strings.xml	41ac05dba279ca52ad86f952edeada2d772ff4b4	14286f266c34721f0d7f9f4a11b8420a0dccb602	3a1c3cc12d8e0692101208d172a92026552dde23	3a1c3cc12d8e0692101208d172a92026552dde23	identical
2	zh-HK	Paintroid/src/main/res/values-zh-rHK/strings.xml	41ac05dba279ca52ad86f952edeada2d772ff4b4	14286f266c34721f0d7f9f4a11b8420a0dccb602	abb31154bfea4cbe57068b72a2b57e016329fb7d	abb31154bfea4cbe57068b72a2b57e016329fb7d	identical
2	zh-TW	Paintroid/src/main/res/values-zh-rTW/strings.xml	41ac05dba279ca52ad86f952edeada2d772ff4b4	14286f266c34721f0d7f9f4a11b8420a0dccb602	31cb22df2cf3f39121ad7981f70d5c8b412c0727	31cb22df2cf3f39121ad7981f70d5c8b412c0727	identical
2	zh-CN	Paintroid/src/main/res/values-zh-rCN/strings.xml	41ac05dba279ca52ad86f952edeada2d772ff4b4	14286f266c34721f0d7f9f4a11b8420a0dccb602	78fd18fa58dfb8991fad351d8848c2a7af54b29e	78fd18fa58dfb8991fad351d8848c2a7af54b29e	identical
2	yue-Hant	Paintroid/src/main/res/values-b+yue+Hant/strings.xml	41ac05dba279ca52ad86f952edeada2d772ff4b4	14286f266c34721f0d7f9f4a11b8420a0dccb602	3986a9eee0dd77108bcd640a6687e19b02ea33fd	3986a9eee0dd77108bcd640a6687e19b02ea33fd	identical
2	yue-Latn	Paintroid/src/main/res/values-b+yue+Latn/strings.xml	41ac05dba279ca52ad86f952edeada2d772ff4b4	14286f266c34721f0d7f9f4a11b8420a0dccb602	74c51c1a6bdfa08e72237c26a0718b1c4ff8ecd0	74c51c1a6bdfa08e72237c26a0718b1c4ff8ecd0	identical
3	tl	Paintroid/src/main/res/values-tl/strings.xml	777c72b73cf6149a5eefea1df0dac7fa1932459a	14286f266c34721f0d7f9f4a11b8420a0dccb602	bbbf167ef392dc2bfd9032c3ade1031be0433833	bbbf167ef392dc2bfd9032c3ade1031be0433833	identical
3	ceb	Paintroid/src/main/res/values-b+ceb/strings.xml	777c72b73cf6149a5eefea1df0dac7fa1932459a	14286f266c34721f0d7f9f4a11b8420a0dccb602	634ac5bdf00e7ff7a47587d1c7de82deb8046a74	634ac5bdf00e7ff7a47587d1c7de82deb8046a74	identical
3	ms	Paintroid/src/main/res/values-ms/strings.xml	777c72b73cf6149a5eefea1df0dac7fa1932459a	14286f266c34721f0d7f9f4a11b8420a0dccb602	c6025c27c6ac03c1123adaef8366c56ef73e98b2	c6025c27c6ac03c1123adaef8366c56ef73e98b2	identical
3	id	Paintroid/src/main/res/values-in/strings.xml	777c72b73cf6149a5eefea1df0dac7fa1932459a	14286f266c34721f0d7f9f4a11b8420a0dccb602	dfbd6d40fe13b252c8bdef4a5e61a67165e3b515	dfbd6d40fe13b252c8bdef4a5e61a67165e3b515	identical
4	sw	Paintroid/src/main/res/values-sw/strings.xml	5c308e74e8de591c3d2690c35c3e8e913fda6607	14286f266c34721f0d7f9f4a11b8420a0dccb602	0bc3ddde5f9529f830c82610c5cb04fba8a2772a	0bc3ddde5f9529f830c82610c5cb04fba8a2772a	identical
4	fi	Paintroid/src/main/res/values-fi/strings.xml	5c308e74e8de591c3d2690c35c3e8e913fda6607	14286f266c34721f0d7f9f4a11b8420a0dccb602	4dfb9da9721b0697e1ef89e9543cc1d7e1818e57	4dfb9da9721b0697e1ef89e9543cc1d7e1818e57	identical
4	hu	Paintroid/src/main/res/values-hu/strings.xml	5c308e74e8de591c3d2690c35c3e8e913fda6607	14286f266c34721f0d7f9f4a11b8420a0dccb602	c957f56a239a42eea226bd322a11046058c8b149	c957f56a239a42eea226bd322a11046058c8b149	identical
4	af	Paintroid/src/main/res/values-b+af/strings.xml	5c308e74e8de591c3d2690c35c3e8e913fda6607	14286f266c34721f0d7f9f4a11b8420a0dccb602	4622eb79b09eae90517d0eedf1e469e7e2e03d84	4622eb79b09eae90517d0eedf1e469e7e2e03d84	identical
4	nl	Paintroid/src/main/res/values-nl/strings.xml	5c308e74e8de591c3d2690c35c3e8e913fda6607	14286f266c34721f0d7f9f4a11b8420a0dccb602	449e03d2f07d0615617bac66efd7c7e8af1647d6	449e03d2f07d0615617bac66efd7c7e8af1647d6	identical
4	et	Paintroid/src/main/res/values-b+et/strings.xml	5c308e74e8de591c3d2690c35c3e8e913fda6607	14286f266c34721f0d7f9f4a11b8420a0dccb602	ce0bcc67926c0673779184cb4fe41e40218349ee	ce0bcc67926c0673779184cb4fe41e40218349ee	identical
4	lv	Paintroid/src/main/res/values-b+lv/strings.xml	5c308e74e8de591c3d2690c35c3e8e913fda6607	14286f266c34721f0d7f9f4a11b8420a0dccb602	90b158966d99c0be1740da6e6bfeefc31f613d4c	90b158966d99c0be1740da6e6bfeefc31f613d4c	identical
4	lt	Paintroid/src/main/res/values-lt/strings.xml	5c308e74e8de591c3d2690c35c3e8e913fda6607	14286f266c34721f0d7f9f4a11b8420a0dccb602	963b5448150e5be4511a974f87dfb70720a1ffd2	963b5448150e5be4511a974f87dfb70720a1ffd2	identical
5	es-ES	Paintroid/src/main/res/values-b+es+ES/strings.xml	01d73123e9b1415ddcfb15550e62ec46349b65b6	14286f266c34721f0d7f9f4a11b8420a0dccb602	5ac07b75714b8376311788f4db74e54e838b8bb9	5ac07b75714b8376311788f4db74e54e838b8bb9	identical
5	es-419	Paintroid/src/main/res/values-b+es+419/strings.xml	01d73123e9b1415ddcfb15550e62ec46349b65b6	14286f266c34721f0d7f9f4a11b8420a0dccb602	c2f87150c8f127408c32a5cdb2aad4a863e2aa3b	c2f87150c8f127408c32a5cdb2aad4a863e2aa3b	identical
5	fr	Paintroid/src/main/res/values-fr/strings.xml	01d73123e9b1415ddcfb15550e62ec46349b65b6	14286f266c34721f0d7f9f4a11b8420a0dccb602	b15004553091d7f83d1a3aed020dffe7a7fefb9c	b15004553091d7f83d1a3aed020dffe7a7fefb9c	identical
5	de	Paintroid/src/main/res/values-de/strings.xml	01d73123e9b1415ddcfb15550e62ec46349b65b6	14286f266c34721f0d7f9f4a11b8420a0dccb602	6405d1f887b57e8ed1bd4686cdb1e82133313c28	6405d1f887b57e8ed1bd4686cdb1e82133313c28	identical
5	ru	Paintroid/src/main/res/values-ru/strings.xml	01d73123e9b1415ddcfb15550e62ec46349b65b6	14286f266c34721f0d7f9f4a11b8420a0dccb602	bd1f6382292f673d08b46a0548bda9663530696a	bd1f6382292f673d08b46a0548bda9663530696a	identical
5	ar	Paintroid/src/main/res/values-ar/strings.xml	01d73123e9b1415ddcfb15550e62ec46349b65b6	14286f266c34721f0d7f9f4a11b8420a0dccb602	d341009ca550296de2d13586115bb83f7c116160	d341009ca550296de2d13586115bb83f7c116160	identical
5	eo	Paintroid/src/main/res/values-b+eo/strings.xml	01d73123e9b1415ddcfb15550e62ec46349b65b6	14286f266c34721f0d7f9f4a11b8420a0dccb602	4ac9e3a05cfd8a8dfa8839b3c087ec54be4c70b7	4ac9e3a05cfd8a8dfa8839b3c087ec54be4c70b7	identical
6	lzh-Hant	Paintroid/src/main/res/values-b+lzh+Hant/strings.xml	f776005434b555f9afb23efb8f2ba72f2d8ac499	14286f266c34721f0d7f9f4a11b8420a0dccb602	c6d2424a42daafe17ee12637a3d7435a1551c745	c6d2424a42daafe17ee12637a3d7435a1551c745	identical
6	hak-Hant-TW	Paintroid/src/main/res/values-b+hak+Hant+TW/strings.xml	f776005434b555f9afb23efb8f2ba72f2d8ac499	14286f266c34721f0d7f9f4a11b8420a0dccb602	551ae6ef955fb6f1424a974fcff81e14016969b7	551ae6ef955fb6f1424a974fcff81e14016969b7	identical
6	hak-Latn-TW	Paintroid/src/main/res/values-b+hak+Latn+TW/strings.xml	f776005434b555f9afb23efb8f2ba72f2d8ac499	14286f266c34721f0d7f9f4a11b8420a0dccb602	e6e766f372db3917bec178501f13ec983ad6718e	e6e766f372db3917bec178501f13ec983ad6718e	identical
6	nan-Hant-TW	Paintroid/src/main/res/values-b+nan+Hant+TW/strings.xml	f776005434b555f9afb23efb8f2ba72f2d8ac499	14286f266c34721f0d7f9f4a11b8420a0dccb602	45142b97bad3db8db0433d5535ae8dc64781e4e5	45142b97bad3db8db0433d5535ae8dc64781e4e5	identical
6	nan-Latn-TW	Paintroid/src/main/res/values-b+nan+Latn+TW/strings.xml	f776005434b555f9afb23efb8f2ba72f2d8ac499	14286f266c34721f0d7f9f4a11b8420a0dccb602	8c5d37038824528d129139505576b0fcc8f72ba0	8c5d37038824528d129139505576b0fcc8f72ba0	identical
6	wuu-Hans	Paintroid/src/main/res/values-b+wuu+Hans/strings.xml	f776005434b555f9afb23efb8f2ba72f2d8ac499	14286f266c34721f0d7f9f4a11b8420a0dccb602	6b150a3342db574d68ae9525cd54ef05102fbc61	6b150a3342db574d68ae9525cd54ef05102fbc61	identical
7	en-001	Paintroid/src/main/res/values-b+en+001/strings.xml	65fb0ef3709ed656c4a328471142608c2c5f7d0a	14286f266c34721f0d7f9f4a11b8420a0dccb602	50876f04e06e9c6e0fced417a44d5a0d3c7a7e3c	50876f04e06e9c6e0fced417a44d5a0d3c7a7e3c	identical
7	en-AU	Paintroid/src/main/res/values-en-rAU/strings.xml	65fb0ef3709ed656c4a328471142608c2c5f7d0a	14286f266c34721f0d7f9f4a11b8420a0dccb602	798fa8f1195d7c676b575d80e44da578cdf4ebac	798fa8f1195d7c676b575d80e44da578cdf4ebac	identical
7	en-CA	Paintroid/src/main/res/values-en-rCA/strings.xml	65fb0ef3709ed656c4a328471142608c2c5f7d0a	14286f266c34721f0d7f9f4a11b8420a0dccb602	230d3ab57894cd8d5741ead21cc91d3bc13d7779	230d3ab57894cd8d5741ead21cc91d3bc13d7779	identical
7	en-GB	Paintroid/src/main/res/values-en-rGB/strings.xml	65fb0ef3709ed656c4a328471142608c2c5f7d0a	14286f266c34721f0d7f9f4a11b8420a0dccb602	7c0ddbe1fd3bc78982e8e3bd4a63f73c0cbe70a9	7c0ddbe1fd3bc78982e8e3bd4a63f73c0cbe70a9	identical
7	en-IN	Paintroid/src/main/res/values-en-rIN/strings.xml	65fb0ef3709ed656c4a328471142608c2c5f7d0a	14286f266c34721f0d7f9f4a11b8420a0dccb602	85d9e3d1d465c81cfb2b5924cf5e0fe3a7a66305	85d9e3d1d465c81cfb2b5924cf5e0fe3a7a66305	identical
7	en-SG	Paintroid/src/main/res/values-en-rSG/strings.xml	65fb0ef3709ed656c4a328471142608c2c5f7d0a	14286f266c34721f0d7f9f4a11b8420a0dccb602	54fac607f2ce4ea9660c832b72a74a7721ba9cb8	54fac607f2ce4ea9660c832b72a74a7721ba9cb8	identical
7	en-US	Paintroid/src/main/res/values-en-rUS/strings.xml	65fb0ef3709ed656c4a328471142608c2c5f7d0a	14286f266c34721f0d7f9f4a11b8420a0dccb602	e47da67b24d6eb552b5f1489ef93ed77de2f3df2	e47da67b24d6eb552b5f1489ef93ed77de2f3df2	identical
7	pt-PT	Paintroid/src/main/res/values-b+pt+PT/strings.xml	65fb0ef3709ed656c4a328471142608c2c5f7d0a	14286f266c34721f0d7f9f4a11b8420a0dccb602	4e946d53d13dc03595373cc884c76d3ae8cfc22b	4e946d53d13dc03595373cc884c76d3ae8cfc22b	identical
7	pt-BR	Paintroid/src/main/res/values-pt-rBR/strings.xml	65fb0ef3709ed656c4a328471142608c2c5f7d0a	14286f266c34721f0d7f9f4a11b8420a0dccb602	5d95d2e23858b2a0ba63067145f1041dc8c3cac7	5d95d2e23858b2a0ba63067145f1041dc8c3cac7	identical
7	it	Paintroid/src/main/res/values-it/strings.xml	65fb0ef3709ed656c4a328471142608c2c5f7d0a	14286f266c34721f0d7f9f4a11b8420a0dccb602	bf1397eec6d76f82f3efb82ed43535d9870dbbd9	bf1397eec6d76f82f3efb82ed43535d9870dbbd9	identical
7	el	Paintroid/src/main/res/values-el/strings.xml	65fb0ef3709ed656c4a328471142608c2c5f7d0a	14286f266c34721f0d7f9f4a11b8420a0dccb602	532477c98091115f7bff4435a24d3f60e1b5e885	532477c98091115f7bff4435a24d3f60e1b5e885	identical
7	tr	Paintroid/src/main/res/values-tr/strings.xml	65fb0ef3709ed656c4a328471142608c2c5f7d0a	14286f266c34721f0d7f9f4a11b8420a0dccb602	0f9fc2ee917d8a6c8d21726b7e9ab0775a274e83	0f9fc2ee917d8a6c8d21726b7e9ab0775a274e83	identical
8	bo	Paintroid/src/main/res/values-b+bo/strings.xml	322a31bfcb83411e540f82c8a50c8ded74662241	14286f266c34721f0d7f9f4a11b8420a0dccb602	7ea472b7f4b3469484317f9f74d4be5e656e7e2b	7ea472b7f4b3469484317f9f74d4be5e656e7e2b	identical
8	dz	Paintroid/src/main/res/values-b+dz/strings.xml	322a31bfcb83411e540f82c8a50c8ded74662241	14286f266c34721f0d7f9f4a11b8420a0dccb602	b658710d8fc0833def735b065badbeb765627a26	b658710d8fc0833def735b065badbeb765627a26	identical
8	mn-Cyrl-MN	Paintroid/src/main/res/values-b+mn+Cyrl+MN/strings.xml	322a31bfcb83411e540f82c8a50c8ded74662241	14286f266c34721f0d7f9f4a11b8420a0dccb602	e7dd4d6f250a1382d1479d5959dab048341f2f1b	e7dd4d6f250a1382d1479d5959dab048341f2f1b	identical
8	mn-Mong	Paintroid/src/main/res/values-b+mn+Mong/strings.xml	322a31bfcb83411e540f82c8a50c8ded74662241	14286f266c34721f0d7f9f4a11b8420a0dccb602	c2618cb5f119e0ce965200384f566f7b3b94a01a	c2618cb5f119e0ce965200384f566f7b3b94a01a	identical
9	jje	Paintroid/src/main/res/values-b+jje/strings.xml	bc79aab6edc6e20b94beaf43f6dac701182d0b7e	14286f266c34721f0d7f9f4a11b8420a0dccb602	44b828f21a5e341d95ae1f29d11db69ce7b4fdd7	44b828f21a5e341d95ae1f29d11db69ce7b4fdd7	identical
9	mnc-Mong	Paintroid/src/main/res/values-b+mnc+Mong/strings.xml	bc79aab6edc6e20b94beaf43f6dac701182d0b7e	14286f266c34721f0d7f9f4a11b8420a0dccb602	694e12f6f6505f62f676c6d0a0b51c89feba8c28	694e12f6f6505f62f676c6d0a0b51c89feba8c28	identical
9	ain-Kana	Paintroid/src/main/res/values-b+ain+Kana/strings.xml	bc79aab6edc6e20b94beaf43f6dac701182d0b7e	14286f266c34721f0d7f9f4a11b8420a0dccb602	f87d7fe15efd59dd04808740321ddfc5b2e21a55	f87d7fe15efd59dd04808740321ddfc5b2e21a55	identical
9	ain-Latn	Paintroid/src/main/res/values-b+ain+Latn/strings.xml	bc79aab6edc6e20b94beaf43f6dac701182d0b7e	14286f266c34721f0d7f9f4a11b8420a0dccb602	b0f520dc30112465830a81bd689e10c07a475bc7	b0f520dc30112465830a81bd689e10c07a475bc7	identical
9	ryu	Paintroid/src/main/res/values-b+ryu/strings.xml	bc79aab6edc6e20b94beaf43f6dac701182d0b7e	14286f266c34721f0d7f9f4a11b8420a0dccb602	3c578829bd6956d302a0802fce6e17b2b6e45524	3c578829bd6956d302a0802fce6e17b2b6e45524	identical
12	ko-KR	Paintroid/src/main/res/values-b+ko+KR/strings.xml	5b2a421a6effb5314e42e913c31eddfa7ad0e855	14286f266c34721f0d7f9f4a11b8420a0dccb602	205341ebc202009d028b5ad931da043567d77cff	205341ebc202009d028b5ad931da043567d77cff	identical
12	ko-KP	Paintroid/src/main/res/values-b+ko+KP/strings.xml	5b2a421a6effb5314e42e913c31eddfa7ad0e855	14286f266c34721f0d7f9f4a11b8420a0dccb602	b77cd6dc98606252ad957986f49be67852df61ec	b77cd6dc98606252ad957986f49be67852df61ec	identical
12	ko-Kore-KR	Paintroid/src/main/res/values-b+ko+Kore+KR/strings.xml	5b2a421a6effb5314e42e913c31eddfa7ad0e855	14286f266c34721f0d7f9f4a11b8420a0dccb602	c56817fb1086e37798f86ace44f3a369d152fea9	c56817fb1086e37798f86ace44f3a369d152fea9	identical
12	vi	Paintroid/src/main/res/values-vi/strings.xml	5b2a421a6effb5314e42e913c31eddfa7ad0e855	14286f266c34721f0d7f9f4a11b8420a0dccb602	a45f54adc539a59ae909f0e5456d726886883155	a45f54adc539a59ae909f0e5456d726886883155	identical
12	vi-Hani	Paintroid/src/main/res/values-b+vi+Hani/strings.xml	5b2a421a6effb5314e42e913c31eddfa7ad0e855	14286f266c34721f0d7f9f4a11b8420a0dccb602	ce5f46578836fa85f18226f069e90da3f6518635	ce5f46578836fa85f18226f069e90da3f6518635	identical
