id	resource_id	surface	english	portuguese	english_source	portuguese_source	operation_sources	judgment
C01	ui_cut	Header action; tooltip; accessibility label; long-press label	Cut	Recortar	https://github.com/c933103/AN-Paint/blob/80c14372b0504bc44f9f2809ad477247fdc8100b/Paintroid/src/main/res/values/strings.xml#L131	https://github.com/c933103/AN-Paint/blob/80c14372b0504bc44f9f2809ad477247fdc8100b/Paintroid/src/main/res/values-pt-rBR/strings.xml#L22	https://github.com/c933103/AN-Paint/blob/80c14372b0504bc44f9f2809ad477247fdc8100b/Paintroid/src/main/java/org/catrobat/paintroid/classic/ActionButton.kt#L12-L35 ; https://github.com/c933103/AN-Paint/blob/80c14372b0504bc44f9f2809ad477247fdc8100b/Paintroid/src/main/java/org/catrobat/paintroid/classic/ClassicPaintActivity.kt#L558-L585 ; https://github.com/c933103/AN-Paint/blob/80c14372b0504bc44f9f2809ad477247fdc8100b/Paintroid/src/main/java/org/catrobat/paintroid/classic/PaintDocument.kt#L379-L381	Correct: Recortar is the normal Brazilian command for moving a selection to the clipboard. Handler first copies the transformed selection, then removes it; it is not the crop command.
C02	ui_copy	Header action; tooltip; accessibility label; long-press label	Copy	Copiar	https://github.com/c933103/AN-Paint/blob/80c14372b0504bc44f9f2809ad477247fdc8100b/Paintroid/src/main/res/values/strings.xml#L98	https://github.com/c933103/AN-Paint/blob/80c14372b0504bc44f9f2809ad477247fdc8100b/Paintroid/src/main/res/values-pt-rBR/strings.xml#L21	https://github.com/c933103/AN-Paint/blob/80c14372b0504bc44f9f2809ad477247fdc8100b/Paintroid/src/main/java/org/catrobat/paintroid/classic/ActionButton.kt#L12-L35 ; https://github.com/c933103/AN-Paint/blob/80c14372b0504bc44f9f2809ad477247fdc8100b/Paintroid/src/main/java/org/catrobat/paintroid/classic/ClassicPaintActivity.kt#L558-L585 ; https://github.com/c933103/AN-Paint/blob/80c14372b0504bc44f9f2809ad477247fdc8100b/Paintroid/src/main/java/org/catrobat/paintroid/classic/PaintDocument.kt#L348-L370	Correct: Copiar duplicates the transformed selected pixels and associated credits into the document's internal bitmap clipboard, leaving the source selection in place.
C03	ui_paste	Header action; tooltip; accessibility label; long-press label	Paste	Colar	https://github.com/c933103/AN-Paint/blob/80c14372b0504bc44f9f2809ad477247fdc8100b/Paintroid/src/main/res/values/strings.xml#L292	https://github.com/c933103/AN-Paint/blob/80c14372b0504bc44f9f2809ad477247fdc8100b/Paintroid/src/main/res/values-pt-rBR/strings.xml#L20	https://github.com/c933103/AN-Paint/blob/80c14372b0504bc44f9f2809ad477247fdc8100b/Paintroid/src/main/java/org/catrobat/paintroid/classic/ActionButton.kt#L12-L35 ; https://github.com/c933103/AN-Paint/blob/80c14372b0504bc44f9f2809ad477247fdc8100b/Paintroid/src/main/java/org/catrobat/paintroid/classic/ClassicPaintActivity.kt#L558-L585 ; https://github.com/c933103/AN-Paint/blob/80c14372b0504bc44f9f2809ad477247fdc8100b/Paintroid/src/main/java/org/catrobat/paintroid/classic/ClassicPaintActivity.kt#L910-L913 ; https://github.com/c933103/AN-Paint/blob/80c14372b0504bc44f9f2809ad477247fdc8100b/Paintroid/src/main/java/org/catrobat/paintroid/classic/PaintDocument.kt#L384-L402	Correct: Colar inserts the internal clipboard as a floating selection. This does not read Android's system text clipboard.
C04	ui_select_an_area_first	Cut with no selection	Select an area first.	Selecione primeiro uma área.	https://github.com/c933103/AN-Paint/blob/80c14372b0504bc44f9f2809ad477247fdc8100b/Paintroid/src/main/res/values/strings.xml#L363	https://github.com/c933103/AN-Paint/blob/80c14372b0504bc44f9f2809ad477247fdc8100b/Paintroid/src/main/res/values-pt-rBR/strings.xml#L438	https://github.com/c933103/AN-Paint/blob/80c14372b0504bc44f9f2809ad477247fdc8100b/Paintroid/src/main/java/org/catrobat/paintroid/classic/ClassicPaintActivity.kt#L908 ; https://github.com/c933103/AN-Paint/blob/80c14372b0504bc44f9f2809ad477247fdc8100b/Paintroid/src/main/java/org/catrobat/paintroid/classic/PaintDocument.kt#L367-L381	Correct: Selecione primeiro uma área gives the actual precondition; copy failure prevents removal.
C05	ui_select_an_area_first	Copy with no selection	Select an area first.	Selecione primeiro uma área.	https://github.com/c933103/AN-Paint/blob/80c14372b0504bc44f9f2809ad477247fdc8100b/Paintroid/src/main/res/values/strings.xml#L363	https://github.com/c933103/AN-Paint/blob/80c14372b0504bc44f9f2809ad477247fdc8100b/Paintroid/src/main/res/values-pt-rBR/strings.xml#L438	https://github.com/c933103/AN-Paint/blob/80c14372b0504bc44f9f2809ad477247fdc8100b/Paintroid/src/main/java/org/catrobat/paintroid/classic/ClassicPaintActivity.kt#L909 ; https://github.com/c933103/AN-Paint/blob/80c14372b0504bc44f9f2809ad477247fdc8100b/Paintroid/src/main/java/org/catrobat/paintroid/classic/PaintDocument.kt#L367-L370	Correct: selection is required before pixels can be copied. Area means the selected canvas area, not a download folder.
C06	ui_paste_hint34	Paste with empty internal clipboard	Copy an area or use Draw → Insert → Other images.	Copie uma área ou use Desenhar → Inserir → Outras imagens.	https://github.com/c933103/AN-Paint/blob/80c14372b0504bc44f9f2809ad477247fdc8100b/Paintroid/src/main/res/values/strings.xml#L685	https://github.com/c933103/AN-Paint/blob/80c14372b0504bc44f9f2809ad477247fdc8100b/Paintroid/src/main/res/values-pt-rBR/strings.xml#L668	https://github.com/c933103/AN-Paint/blob/80c14372b0504bc44f9f2809ad477247fdc8100b/Paintroid/src/main/java/org/catrobat/paintroid/classic/ClassicPaintActivity.kt#L910-L913 ; https://github.com/c933103/AN-Paint/blob/80c14372b0504bc44f9f2809ad477247fdc8100b/Paintroid/src/main/java/org/catrobat/paintroid/classic/ClassicPaintActivity.kt#L285-L309 ; https://github.com/c933103/AN-Paint/blob/80c14372b0504bc44f9f2809ad477247fdc8100b/Paintroid/src/main/java/org/catrobat/paintroid/classic/ClassicPaintActivity.kt#L821-L822 ; https://github.com/c933103/AN-Paint/blob/80c14372b0504bc44f9f2809ad477247fdc8100b/Paintroid/src/main/java/org/catrobat/paintroid/classic/ClassicPaintActivity.kt#L883-L899 ; https://github.com/c933103/AN-Paint/blob/80c14372b0504bc44f9f2809ad477247fdc8100b/Paintroid/src/main/java/org/catrobat/paintroid/classic/ToolCategoryButton.kt#L13-L18	Correct: Copie uma área is a natural imperative. Desenhar → Inserir → Outras imagens matches the actual alternative import route and captions.
C07	ui_estimates_include_the_current_canvas_and_clipboard_sampled	Non-native large-image resize explanation	Estimates include the current canvas and clipboard, sampled decoding and editing buffers. Actual memory use varies. A smaller copy loses detail. Imports use the selected opaque background; the original file stays unchanged.	As estimativas incluem a tela e a área de transferência atuais, a decodificação por amostragem e os buffers de edição. O uso real de memória varia. Uma cópia menor perde detalhes. As importações usam o fundo opaco selecionado; o arquivo original permanece inalterado.	https://github.com/c933103/AN-Paint/blob/80c14372b0504bc44f9f2809ad477247fdc8100b/Paintroid/src/main/res/values/strings.xml#L184	https://github.com/c933103/AN-Paint/blob/80c14372b0504bc44f9f2809ad477247fdc8100b/Paintroid/src/main/res/values-pt-rBR/strings.xml#L321	https://github.com/c933103/AN-Paint/blob/80c14372b0504bc44f9f2809ad477247fdc8100b/Paintroid/src/main/java/org/catrobat/paintroid/classic/ImageResizeDialog.kt#L27-L35 ; https://github.com/c933103/AN-Paint/blob/80c14372b0504bc44f9f2809ad477247fdc8100b/Paintroid/src/main/java/org/catrobat/paintroid/classic/PaintDocument.kt#L149-L152 ; https://github.com/c933103/AN-Paint/blob/80c14372b0504bc44f9f2809ad477247fdc8100b/Paintroid/src/main/java/org/catrobat/paintroid/classic/ImageImport.kt#L29-L29 ; https://github.com/c933103/AN-Paint/blob/80c14372b0504bc44f9f2809ad477247fdc8100b/Paintroid/src/main/java/org/catrobat/paintroid/classic/ImageImport.kt#L76-L80 ; https://github.com/c933103/AN-Paint/blob/80c14372b0504bc44f9f2809ad477247fdc8100b/Paintroid/src/main/java/org/catrobat/paintroid/classic/ClassicPaintActivity.kt#L1292-L1294	Correct: área de transferência names the resident internal bitmap clipboard counted by residentPixels and the estimate, not a download area. atuais agrees with tela and área; smaller-copy and opaque-background clauses preserve the English meaning.
C08	ui_copy_all	About/licence dialogs: fixed Copy all button	Copy all	Copiar tudo	https://github.com/c933103/AN-Paint/blob/80c14372b0504bc44f9f2809ad477247fdc8100b/Paintroid/src/main/res/values/strings.xml#L99	https://github.com/c933103/AN-Paint/blob/80c14372b0504bc44f9f2809ad477247fdc8100b/Paintroid/src/main/res/values-pt-rBR/strings.xml#L248	https://github.com/c933103/AN-Paint/blob/80c14372b0504bc44f9f2809ad477247fdc8100b/Paintroid/src/main/java/org/catrobat/paintroid/classic/LegalInfo.kt#L81-L100	Correct: Copiar tudo copies the complete displayed legal/about text to Android's system clipboard, independent of text scrolling. It does not select or copy the drawing.
C09	ui_full_text_copied	About/licence copy success toast	Full text copied	Texto completo copiado	https://github.com/c933103/AN-Paint/blob/80c14372b0504bc44f9f2809ad477247fdc8100b/Paintroid/src/main/res/values/strings.xml#L211	https://github.com/c933103/AN-Paint/blob/80c14372b0504bc44f9f2809ad477247fdc8100b/Paintroid/src/main/res/values-pt-rBR/strings.xml#L337	https://github.com/c933103/AN-Paint/blob/80c14372b0504bc44f9f2809ad477247fdc8100b/Paintroid/src/main/java/org/catrobat/paintroid/classic/LegalInfo.kt#L98-L100	Correct: Texto completo copiado reports completion after setPrimaryClip. There is no localized failure catch in this handler; this is not a runtime robustness assessment.
C10	ui_copy_all	Gallery footer: copy all document credits	Copy all	Copiar tudo	https://github.com/c933103/AN-Paint/blob/80c14372b0504bc44f9f2809ad477247fdc8100b/Paintroid/src/main/res/values/strings.xml#L99	https://github.com/c933103/AN-Paint/blob/80c14372b0504bc44f9f2809ad477247fdc8100b/Paintroid/src/main/res/values-pt-rBR/strings.xml#L248	https://github.com/c933103/AN-Paint/blob/80c14372b0504bc44f9f2809ad477247fdc8100b/Paintroid/src/main/java/org/catrobat/paintroid/classic/MediaGalleryActivity.kt#L100-L109	Correct: Copiar tudo copies ImageCredit.text(documentCredits), not every image currently visible on the external website.
C11	ui_no_gallery_images_have_been_inserted	Gallery footer Copy all with no document credits; empty credit editor	No gallery images have been inserted.	Ainda não foram inseridas imagens da galeria.	https://github.com/c933103/AN-Paint/blob/80c14372b0504bc44f9f2809ad477247fdc8100b/Paintroid/src/main/res/values/strings.xml#L276	https://github.com/c933103/AN-Paint/blob/80c14372b0504bc44f9f2809ad477247fdc8100b/Paintroid/src/main/res/values-pt-rBR/strings.xml#L382	https://github.com/c933103/AN-Paint/blob/80c14372b0504bc44f9f2809ad477247fdc8100b/Paintroid/src/main/java/org/catrobat/paintroid/classic/MediaGalleryActivity.kt#L105-L108 ; https://github.com/c933103/AN-Paint/blob/80c14372b0504bc44f9f2809ad477247fdc8100b/Paintroid/src/main/java/org/catrobat/paintroid/classic/GalleryCredits.kt#L87	Correct for the intended empty-gallery-credit state: Ainda não foram inseridas imagens da galeria. The text does not claim the system clipboard itself is empty.
C12	ui_copy_all	Save as credit-details button	Copy all	Copiar tudo	https://github.com/c933103/AN-Paint/blob/80c14372b0504bc44f9f2809ad477247fdc8100b/Paintroid/src/main/res/values/strings.xml#L99	https://github.com/c933103/AN-Paint/blob/80c14372b0504bc44f9f2809ad477247fdc8100b/Paintroid/src/main/res/values-pt-rBR/strings.xml#L248	https://github.com/c933103/AN-Paint/blob/80c14372b0504bc44f9f2809ad477247fdc8100b/Paintroid/src/main/java/org/catrobat/paintroid/classic/SaveOptionsDialog.kt#L122-L131 ; https://github.com/c933103/AN-Paint/blob/80c14372b0504bc44f9f2809ad477247fdc8100b/Paintroid/src/main/java/org/catrobat/paintroid/classic/ClassicPaintActivity.kt#L1101-L1112	Correct: Copiar tudo copies attribution text only; its listener does not initiate saving. The panel exists only for nonblank credits and starts collapsed.
C13	ui_copy_all	Export as credit-details button	Copy all	Copiar tudo	https://github.com/c933103/AN-Paint/blob/80c14372b0504bc44f9f2809ad477247fdc8100b/Paintroid/src/main/res/values/strings.xml#L99	https://github.com/c933103/AN-Paint/blob/80c14372b0504bc44f9f2809ad477247fdc8100b/Paintroid/src/main/res/values-pt-rBR/strings.xml#L248	https://github.com/c933103/AN-Paint/blob/80c14372b0504bc44f9f2809ad477247fdc8100b/Paintroid/src/main/java/org/catrobat/paintroid/classic/SaveOptionsDialog.kt#L122-L131 ; https://github.com/c933103/AN-Paint/blob/80c14372b0504bc44f9f2809ad477247fdc8100b/Paintroid/src/main/java/org/catrobat/paintroid/classic/ClassicPaintActivity.kt#L832 ; https://github.com/c933103/AN-Paint/blob/80c14372b0504bc44f9f2809ad477247fdc8100b/Paintroid/src/main/java/org/catrobat/paintroid/classic/ClassicPaintActivity.kt#L1101-L1112	Correct: same credit-copy control and handler as Save as. No export is initiated by Copy all.
C14	ui_copy_all	Save and share credit-details button	Copy all	Copiar tudo	https://github.com/c933103/AN-Paint/blob/80c14372b0504bc44f9f2809ad477247fdc8100b/Paintroid/src/main/res/values/strings.xml#L99	https://github.com/c933103/AN-Paint/blob/80c14372b0504bc44f9f2809ad477247fdc8100b/Paintroid/src/main/res/values-pt-rBR/strings.xml#L248	https://github.com/c933103/AN-Paint/blob/80c14372b0504bc44f9f2809ad477247fdc8100b/Paintroid/src/main/java/org/catrobat/paintroid/classic/SaveOptionsDialog.kt#L122-L131 ; https://github.com/c933103/AN-Paint/blob/80c14372b0504bc44f9f2809ad477247fdc8100b/Paintroid/src/main/java/org/catrobat/paintroid/classic/ClassicPaintActivity.kt#L833 ; https://github.com/c933103/AN-Paint/blob/80c14372b0504bc44f9f2809ad477247fdc8100b/Paintroid/src/main/java/org/catrobat/paintroid/classic/ClassicPaintActivity.kt#L1101-L1112	Correct: same credit-copy control and handler; the clipboard action does not launch Android sharing.
C15	gallery_copy_credit	Image-credit editor negative button	Copy credit	Copiar crédito	https://github.com/c933103/AN-Paint/blob/80c14372b0504bc44f9f2809ad477247fdc8100b/Paintroid/src/main/res/values/strings.xml#L605	https://github.com/c933103/AN-Paint/blob/80c14372b0504bc44f9f2809ad477247fdc8100b/Paintroid/src/main/res/values-pt-rBR/strings.xml#L48	https://github.com/c933103/AN-Paint/blob/80c14372b0504bc44f9f2809ad477247fdc8100b/Paintroid/src/main/java/org/catrobat/paintroid/classic/GalleryCredits.kt#L130-L143	Correct: Copiar crédito saves the selected source's edited credit through the existing validation path, then copies that entry. A singular credit is the selected attribution record, which may have several lines.
C16	gallery_copy_credit	Catrobat injected webpage action	Copy credit	Copiar crédito	https://github.com/c933103/AN-Paint/blob/80c14372b0504bc44f9f2809ad477247fdc8100b/Paintroid/src/main/res/values/strings.xml#L605	https://github.com/c933103/AN-Paint/blob/80c14372b0504bc44f9f2809ad477247fdc8100b/Paintroid/src/main/res/values-pt-rBR/strings.xml#L48	https://github.com/c933103/AN-Paint/blob/80c14372b0504bc44f9f2809ad477247fdc8100b/Paintroid/src/main/java/org/catrobat/paintroid/classic/MediaGalleryActivity.kt#L184-L197 ; https://github.com/c933103/AN-Paint/blob/80c14372b0504bc44f9f2809ad477247fdc8100b/Paintroid/src/main/java/org/catrobat/paintroid/classic/IllustrationPage.kt#L9-L11 ; https://github.com/c933103/AN-Paint/blob/80c14372b0504bc44f9f2809ad477247fdc8100b/Paintroid/src/main/java/org/catrobat/paintroid/classic/GalleryPage.kt#L25-L37	Correct: Copiar crédito is passed as the button text; CREDIT_SCHEME routes to attribution generation and system clipboard copy, not image insertion.
C17	gallery_copy_credit	Irasutoya injected webpage action	Copy credit	Copiar crédito	https://github.com/c933103/AN-Paint/blob/80c14372b0504bc44f9f2809ad477247fdc8100b/Paintroid/src/main/res/values/strings.xml#L605	https://github.com/c933103/AN-Paint/blob/80c14372b0504bc44f9f2809ad477247fdc8100b/Paintroid/src/main/res/values-pt-rBR/strings.xml#L48	https://github.com/c933103/AN-Paint/blob/80c14372b0504bc44f9f2809ad477247fdc8100b/Paintroid/src/main/java/org/catrobat/paintroid/classic/MediaGalleryActivity.kt#L184-L197 ; https://github.com/c933103/AN-Paint/blob/80c14372b0504bc44f9f2809ad477247fdc8100b/Paintroid/src/main/java/org/catrobat/paintroid/classic/IllustrationPage.kt#L31-L43	Correct: Copiar crédito copies generated attribution for that image. Publisher webpage prose and titles are not translated by this app label.
C18	gallery_copy_credit	Openclipart injected webpage action	Copy credit	Copiar crédito	https://github.com/c933103/AN-Paint/blob/80c14372b0504bc44f9f2809ad477247fdc8100b/Paintroid/src/main/res/values/strings.xml#L605	https://github.com/c933103/AN-Paint/blob/80c14372b0504bc44f9f2809ad477247fdc8100b/Paintroid/src/main/res/values-pt-rBR/strings.xml#L48	https://github.com/c933103/AN-Paint/blob/80c14372b0504bc44f9f2809ad477247fdc8100b/Paintroid/src/main/java/org/catrobat/paintroid/classic/MediaGalleryActivity.kt#L184-L197 ; https://github.com/c933103/AN-Paint/blob/80c14372b0504bc44f9f2809ad477247fdc8100b/Paintroid/src/main/java/org/catrobat/paintroid/classic/IllustrationPage.kt#L31-L43	Correct: same label and attribution-copy route; Large PNG is the source link to which the separate Use image action applies.
C19	gallery_copy_credit	Wikimedia Commons injected webpage action	Copy credit	Copiar crédito	https://github.com/c933103/AN-Paint/blob/80c14372b0504bc44f9f2809ad477247fdc8100b/Paintroid/src/main/res/values/strings.xml#L605	https://github.com/c933103/AN-Paint/blob/80c14372b0504bc44f9f2809ad477247fdc8100b/Paintroid/src/main/res/values-pt-rBR/strings.xml#L48	https://github.com/c933103/AN-Paint/blob/80c14372b0504bc44f9f2809ad477247fdc8100b/Paintroid/src/main/java/org/catrobat/paintroid/classic/MediaGalleryActivity.kt#L184-L197 ; https://github.com/c933103/AN-Paint/blob/80c14372b0504bc44f9f2809ad477247fdc8100b/Paintroid/src/main/java/org/catrobat/paintroid/classic/MediaGalleryActivity.kt#L254-L274 ; https://github.com/c933103/AN-Paint/blob/80c14372b0504bc44f9f2809ad477247fdc8100b/Paintroid/src/main/java/org/catrobat/paintroid/classic/IllustrationPage.kt#L67-L103	Correct action label: Copiar crédito fetches attribution metadata, then copies it. Current error routing is separately defective; see E12-E14 and PR34.
C20	gallery_credit_copied	Success toast from all GalleryCredits.copy callers	Credit copied	Crédito copiado	https://github.com/c933103/AN-Paint/blob/80c14372b0504bc44f9f2809ad477247fdc8100b/Paintroid/src/main/res/values/strings.xml#L607	https://github.com/c933103/AN-Paint/blob/80c14372b0504bc44f9f2809ad477247fdc8100b/Paintroid/src/main/res/values-pt-rBR/strings.xml#L633	https://github.com/c933103/AN-Paint/blob/80c14372b0504bc44f9f2809ad477247fdc8100b/Paintroid/src/main/java/org/catrobat/paintroid/classic/GalleryCredits.kt#L50-L58	Correct: Crédito copiado. In Copy all this singular can refer collectively to the copied attribution text; no need to mechanically pluralize it or change a working shared label.
C21	ui_image_credits	Android ClipData description for credit copies; Commons loading status	Image credits	Créditos das imagens	https://github.com/c933103/AN-Paint/blob/80c14372b0504bc44f9f2809ad477247fdc8100b/Paintroid/src/main/res/values/strings.xml#L240	https://github.com/c933103/AN-Paint/blob/80c14372b0504bc44f9f2809ad477247fdc8100b/Paintroid/src/main/res/values-pt-rBR/strings.xml#L360	https://github.com/c933103/AN-Paint/blob/80c14372b0504bc44f9f2809ad477247fdc8100b/Paintroid/src/main/java/org/catrobat/paintroid/classic/GalleryCredits.kt#L51 ; https://github.com/c933103/AN-Paint/blob/80c14372b0504bc44f9f2809ad477247fdc8100b/Paintroid/src/main/java/org/catrobat/paintroid/classic/MediaGalleryActivity.kt#L257	Correct: Créditos das imagens describes the clipboard payload/status subject. The actual credit body retains its source language.
C22	ui_could_not_complete_the_operation	Clipboard publication failure toast	Could not complete the operation.	Não foi possível concluir a operação.	https://github.com/c933103/AN-Paint/blob/80c14372b0504bc44f9f2809ad477247fdc8100b/Paintroid/src/main/res/values/strings.xml#L105	https://github.com/c933103/AN-Paint/blob/80c14372b0504bc44f9f2809ad477247fdc8100b/Paintroid/src/main/res/values-pt-rBR/strings.xml#L254	https://github.com/c933103/AN-Paint/blob/80c14372b0504bc44f9f2809ad477247fdc8100b/Paintroid/src/main/java/org/catrobat/paintroid/classic/GalleryCredits.kt#L50-L55	Correct: Não foi possível concluir a operação truthfully reports rejected ClipboardManager/Binder publication. Success is not shown on this branch.
C23	gallery_description	Active Catrobat help: Copy credit sentence	Tap Use image to insert immediately. Copy credit beside an image copies its title, publisher, source and licence for your publication. Catrobat\'s original artwork is CC BY-SA 4.0; keep any separately named creators, copyright and other source notices. Describe your edits and share adaptations under CC BY-SA 4.0 or a compatible licence. Edit credits lets you add these details; inserted sources remain under File → About, licences & credits → Image credits.	Toque em Usar imagem para inseri-la imediatamente. Copiar crédito, ao lado de uma imagem, copia seu título, publicador, origem e licença para sua publicação. As obras originais do Catrobat usam CC BY-SA 4.0; preserve os autores identificados separadamente, os avisos de direitos autorais e os demais avisos da origem. Descreva suas alterações e compartilhe adaptações sob CC BY-SA 4.0 ou uma licença compatível. Editar créditos permite adicionar esses detalhes; as origens inseridas ficam salvas em Arquivo → Sobre, licenças e créditos → Créditos das imagens.	https://github.com/c933103/AN-Paint/blob/80c14372b0504bc44f9f2809ad477247fdc8100b/Paintroid/src/main/res/values/strings.xml#L603	https://github.com/c933103/AN-Paint/blob/80c14372b0504bc44f9f2809ad477247fdc8100b/Paintroid/src/main/res/values-pt-rBR/strings.xml#L631	https://github.com/c933103/AN-Paint/blob/80c14372b0504bc44f9f2809ad477247fdc8100b/Paintroid/src/main/java/org/catrobat/paintroid/classic/IllustrationSource.kt#L9 ; https://github.com/c933103/AN-Paint/blob/80c14372b0504bc44f9f2809ad477247fdc8100b/Paintroid/src/main/java/org/catrobat/paintroid/classic/MediaGalleryActivity.kt#L74-L82 ; https://github.com/c933103/AN-Paint/blob/80c14372b0504bc44f9f2809ad477247fdc8100b/Paintroid/src/main/java/org/catrobat/paintroid/classic/GalleryCredits.kt#L16-L43	Correct within the copy sentence: Copiar crédito identifies the actual button; copia seu título, publicador, origem e licença describes the generated attribution payload. The publisher is not silently promoted to author. This is not a full licensing-advice audit.
C24	ui_copy_an_area_or_use_file_insert_image	Retained duplicate paste hint; no production consumer found	Copy an area or use Draw → Insert → Other images.	Copie uma área ou use Desenhar → Inserir → Outras imagens.	https://github.com/c933103/AN-Paint/blob/80c14372b0504bc44f9f2809ad477247fdc8100b/Paintroid/src/main/res/values/strings.xml#L100	https://github.com/c933103/AN-Paint/blob/80c14372b0504bc44f9f2809ad477247fdc8100b/Paintroid/src/main/res/values-pt-rBR/strings.xml#L249	https://github.com/c933103/AN-Paint/blob/80c14372b0504bc44f9f2809ad477247fdc8100b/Paintroid/src/main/java/org/catrobat/paintroid/classic/ClassicPaintActivity.kt#L910-L913	Correct wording and current route, matching ui_paste_hint34. Its historical resource ID mentions File but the displayed text correctly names Draw. Kept separate from active-use evidence.
C25	ui_the_arrow_on_the_left_directly_below_the	Retained legacy manual: transformed-copy sentence	The arrow on the left directly below the toolbar collapses or restores the tools: up to collapse, down to expand. In portrait, the tool strip runs horizontally below the toolbar; swipe it to reach more tools. In landscape, it stays on the left. Brush groups Pencil, Brush, Watercolor and Airbrush. Selection groups rectangular and free-form selections. Insert groups lines, shapes and text. Tap a category to expand its tools and settings directly below the strip in portrait, or to its right in landscape. Tap it again to collapse; the arrow reverses. Categories remember the tool last used in them. Scroll the bounded options panel for further settings and edit controls. Both panels start expanded on the first launch of this layout; later choices are remembered. In landscape, the top controls share one row with the filename centred. Credits & terms: «File > About, licences & credits».\n\nThe FG/BG colour indicator stays fixed at the lower left, beside the palette. The palette opens directly to its right on the same row. Its arrow is on the right edge: left to collapse the palette, right to expand it. Collapsing hides the extra swatches without moving the indicator. Tapping the colour box also toggles the palette. Tap a swatch for foreground or hold for background. FG/BG opens Palette, Honeycomb and Advanced. Advanced has spectrum, wheel, RGB, HSV, HSL and six-digit hex controls. The four cells at the far right keep recent colours; tap for foreground or hold for background. Custom colours start with Pale Violet #5B67FF, Gold #FFD700, Silver #C0C0C0 and Copper #B87333. Hold a custom swatch to replace it. The main editor uses opaque colours; transparent imports are placed onto the current BG colour. Original source files are unchanged.\n\nNavigate replaces the magnifying-glass tool: drag with one finger to pan, pinch with two fingers to zoom and pan. Tap Navigate again or Draw again to return to drawing. Two-finger navigation also works in drawing tools without leaving paint marks. The bottom-right slider has a centre line at 100%. Zoom in/out buttons stop at 100% when a step would cross it; press again to continue. The adjacent Fit button fits and centres the canvas in the view. View also provides 100% and a pixel grid.\n\nAutosave records the current draft after a short editing pause, and when you leave the app. The status shows Draft saved or an autosave error. Reopening restores the draft, filename, tool settings, floating selection and unfinished geometry. Autosave keeps a private working draft. File offers PNG, adjustable-quality JPEG and HEIC, and lossless or lossy JPEG XL, WebP and AVIF. Save as chooses the image format, settings and location; Save writes there again. Export as and Save and share write a copy without changing the current Save destination or marking the drawing saved. Save and share then opens Android sharing. The filename star means the drawing has unsaved changes. Source images are never overwritten by autosave.\n\nSelections: draw a rectangle or free-form outline. Drag inside to move, drag a square corner or edge midpoint to resize, or drag the round Rotate handle to rotate. Lock proportions is on by default; switch it off to stretch width and height independently. Edge handles resize along the selected side. Free-form selections keep their selected shape within the transform box, including after rotation and autosave. The dimensions and angle appear in the sidebar. Commit selection applies the result as one undoable selection edit; autosave retains unfinished transforms. Copy, Cut and Crop to selection use the transformed image. Select all is in the second row of edit icons, and Ctrl+A works on an external keyboard. Cut/Copy and Paste/Select all form two rows below How to use. Selection masks preserve the selected shape; the document itself remains opaque.\n\nCanvas bounds: drag handles inward to trim or outward to expand on any side, then Apply bounds. New space uses BG; existing pixels are not scaled. Cancel and Undo are available. Resize image, Canvas size and New image also accept Pixels or Percent with an optional aspect lock.\n\nCurve: draw a line and drag twice to bend it. Polygon: tap vertices, then double-tap the final vertex or use Finish polygon. Switch off Close polygon to draw connected open segments. Rounded rectangle: set Radius (px) with its slider; each shape limits the radius to half its shorter side. Text: tap the canvas, choose a font displayed in its own style and use the live preview. Options include size, bold, italic, underline, strikethrough, alignment, line spacing and a BG text box. Watercolor is in the Brush category beside Brush and Airbrush; adjust strength for softer strokes. Pencil, brush and tool size sliders go up to 100 pixels. Pencil starts at 1 pixel and remembers its own width. Tap the displayed number for exact numeric entry. Heart, Star and Arrow have the same outline/fill choices as other shapes. View > Cursor drawing expands its enable switch, cursor shape and magnifier settings. Drag to position the cursor, tap the on-screen drawing button, then pan to draw. Tap again to stop drawing. Brush and stroke settings remain under Draw > Drawing. View > Magnified preview displays the cursor or drawing point at an adjustable magnification. Drawing settings also offers antialiasing and stroke smoothing. Eleven additional fonts are bundled; Font licences has their credits and full terms.\n\nFile > Load image replaces the canvas through Android\'s picker. «Draw → Insert → Other images» provides device files, Catrobat, Irasutoya and Openclipart. Choose a device image, or open an online artwork page and tap «Use image», to add an image as a floating selection. File > About, licences & credits > Image credits keeps the source links and licence notice. Images within the device memory budget load at original resolution. If needed, a resize-choice dialog shows dimensions, pixel count and memory estimates, with Pixels/Percent sizing and optional aspect lock. The original file stays unchanged.\n\n«File» > Image assembly opens a separate workspace for up to 20 images. Sort thumbnails by filename or time. Crop one image or batch-crop several. Same width / Same height normalizes all loaded images while preserving aspect ratios. Drag thumbnails or placed images to snap right/top aligned or bottom/left aligned. Unplace removes just the selected placement and closes the gap. «Show all» adjusts the view zoom. Save PNG exports the assembly; Edit in Paint transfers it as an undoable edit. The app uses one opaque image editor. Image assembly is a separate arrangement workspace.\n\nThe «File > About, licences & credits» panel includes original copyright, asset/font credits, full licence text and this version\'s complete source. Licence text scrolls independently of the fixed Copy all, Other terms and Done buttons.	A seta à esquerda, imediatamente abaixo da barra de ferramentas, recolhe ou repõe as ferramentas: para cima recolhe, para baixo expande. Na orientação vertical, a faixa de ferramentas fica horizontalmente abaixo da barra; deslize-a para acessar mais ferramentas. Na horizontal, permanece à esquerda. «Pincel» agrupa Lápis, Pincel, Aquarela e Aerógrafo. «Seleção» agrupa seleções retangulares e de forma livre. «Inserir» agrupa linhas, formas e texto. Toque em uma categoria para expandir suas ferramentas e configurações diretamente abaixo da faixa na orientação vertical, ou à direita na horizontal. Toque novamente para recolher; a seta inverte-se. As categorias memorizam a última ferramenta usada. Role o painel limitado de opções para ver mais configurações e controles de edição. Ambos os painéis começam expandidos no primeiro uso deste layout; as escolhas seguintes ficam memorizadas. Na horizontal, os controles superiores compartilham uma linha com o nome do arquivo centralizado. Créditos e termos: «Arquivo > Sobre, licenças e créditos».\n\nO indicador de cor FG/BG fica fixo no canto inferior esquerdo, junto à paleta. A paleta abre diretamente à sua direita, na mesma linha. A seta fica na extremidade direita: esquerda para recolher a paleta, direita para expandi-la. Recolher oculta as amostras adicionais sem mover o indicador. Tocar na caixa de cor também alterna a paleta. Toque em uma amostra para primeiro plano ou mantenha-a pressionada para fundo. FG/BG abre Paleta, Favo de mel e Avançado. «Avançado» inclui controles de espectro, roda, RGB, HSV, HSL e hexadecimal de seis dígitos. As quatro células à direita guardam cores recentes; toque para primeiro plano ou mantenha pressionado para fundo. As cores personalizadas começam em Violeta-claro #5B67FF, Dourado #FFD700, Prateado #C0C0C0 e Cobre #B87333. Mantenha uma amostra personalizada pressionada para substituí-la. O editor principal usa cores opacas; as importações transparentes são colocadas sobre a cor BG atual. Os arquivos de origem não são alterados.\n\n«Navegar» substitui a lupa: arraste com um dedo para mover, faça pinça com dois dedos para ampliar e mover. Toque novamente em «Navegar» ou em «Desenhar novamente» para voltar a desenhar. A navegação com dois dedos também funciona nas ferramentas de desenho sem deixar marcas. O controle deslizante no canto inferior direito tem uma linha central nos 100%. Os botões ampliar/reduzir param nos 100% quando um passo os atravessaria; pressione novamente para continuar. O botão «Ajustar» adjacente ajusta e centraliza a tela na vista. «Exibir» também oferece 100% e uma grade de pixels.\n\nO salvamento automático registra o rascunho atual após uma breve pausa na edição e ao sair do aplicativo. O estado mostra «Rascunho salvo» ou um erro de salvamento automático. Ao reabrir, são restaurados o rascunho, o nome do arquivo, as configurações das ferramentas, a seleção flutuante e a geometria inacabada. O salvamento automático mantém um rascunho de trabalho privado. «Arquivo» oferece PNG, JPEG e HEIC com qualidade ajustável, e JPEG XL, WebP e AVIF sem perdas ou com perdas. «Salvar e compartilhar» escreve o arquivo antes de abrir o compartilhamento do Android. «Exportar» salva no local escolhido; a estrela junto ao nome do arquivo indica que existem alterações não salvas após a exportação. O salvamento automático nunca substitui as imagens de origem.\n\nSeleções: desenhe um retângulo ou um contorno de forma livre. Arraste no interior para mover, arraste uma alça quadrada de canto ou do ponto médio da margem para redimensionar, ou arraste a alça redonda «Girar» para girar. «Bloquear proporções» está ativo por padrão; desative-o para esticar largura e altura de forma independente. As alças das margens redimensionam apenas no lado selecionado. As seleções de forma livre mantêm a forma selecionada dentro da caixa de transformação, inclusive após rotação e salvamento automático. As dimensões e o ângulo aparecem no painel lateral. «Confirmar seleção» aplica o resultado como uma única edição de seleção anulável; o salvamento automático preserva transformações inacabadas. Copiar, Recortar e «Recortar para a seleção» usam a imagem transformada. «Selecionar tudo» está na segunda fila de ícones de edição e Ctrl+A funciona em um teclado externo. Recortar/Copiar e Colar/Selecionar tudo formam duas filas abaixo de «Como usar». As máscaras de seleção preservam a forma selecionada; o documento continua opaco.\n\nLimites da tela: arraste as alças para dentro para recortar ou para fora para expandir em qualquer lado e depois escolha «Aplicar limites». O novo espaço usa BG; os pixels existentes não são dimensionados. «Cancelar» e «Desfazer» estão disponíveis. «Redimensionar imagem», «Tamanho da tela» e «Nova imagem» também aceitam Pixels ou Porcentagem, com bloqueio de proporção opcional.\n\nCurva: desenhe uma linha e arraste duas vezes para curvá-la. Polígono: toque nos vértices e depois toque duas vezes no último, ou use «Terminar polígono». Desative «Fechar polígono» para desenhar segmentos abertos ligados. Retângulo arredondado: defina «Raio (px)» com o controle; cada forma limita o raio a metade do lado mais curto. Texto: toque na tela, escolha uma fonte exibida no próprio estilo e use a prévia em tempo real. As opções incluem tamanho, negrito, itálico, sublinhado, tachado, alinhamento, espaçamento entre linhas e uma caixa de texto com cor BG. Aquarela está na categoria Pincel, junto de Pincel e Aerógrafo; ajuste a intensidade para traços mais suaves. Os controles de tamanho do lápis, pincel e ferramentas vão até 100 pixels. O Lápis começa em 1 pixel e memoriza a própria largura. Toque no número apresentado para entrada numérica precisa. Coração, Estrela e Seta têm as mesmas opções de contorno/preenchimento das outras formas. Exibir > Desenho com cursor expande o interruptor de ativação, a forma do cursor e as configurações da lupa. Arraste para posicionar o cursor, toque no botão de desenho na tela e depois mova para desenhar. Toque novamente para parar. As configurações de pincel e traço permanecem em Desenhar > Desenho. Exibir > Prévia ampliada mostra o cursor ou ponto de desenho com uma ampliação ajustável. «Configurações de desenho» também oferece antisserrilhado e suavização do traço. Estão incluídas onze fontes adicionais; «Licenças das fontes» contém os créditos e termos completos.\n\nArquivo > Abrir imagem substitui a tela através do seletor do Android. «Desenhar → Inserir → Outras imagens» oferece arquivos do dispositivo, Catrobat, Irasutoya e Openclipart. Escolha uma imagem do dispositivo, ou abra a página de uma ilustração online e toque em «Usar imagem», para adicioná-la como seleção flutuante. Arquivo > Sobre, licenças e créditos > Créditos das imagens salva os links de origem e o aviso de licença. As imagens dentro do limite de memória do dispositivo são carregadas na resolução original. Se necessário, uma caixa de escolha de redimensionamento mostra dimensões, número de pixels e estimativas de memória, com tamanho em Pixels/Porcentagem e bloqueio de proporção opcional. O arquivo original permanece inalterado.\n\n«Arquivo» > Montagem de imagens abre uma área de trabalho separada para até 20 imagens. Ordene as miniaturas por nome de arquivo ou hora. Recorte uma imagem ou várias em lote. «Mesma largura / Mesma altura» normaliza todas as imagens carregadas preservando as proporções. Arraste miniaturas ou imagens colocadas para encaixar à direita/alinhado pelo topo ou em baixo/alinhado pela esquerda. «Retirar» remove apenas a colocação selecionada e fecha o espaço. «Mostrar tudo» ajusta a ampliação da vista. «Salvar PNG» exporta a montagem; «Editar no Paint» transfere-a como uma edição anulável. O aplicativo usa um editor de uma única imagem opaca. A montagem de imagens é uma área de organização separada.\n\nO painel «Arquivo > Sobre, licenças e créditos» inclui direitos autorais originais, créditos de recursos/fontes, texto integral das licenças e o código-fonte completo desta versão. O texto da licença move-se independentemente dos botões fixos «Copiar tudo», «Outros termos» e «Concluído».	https://github.com/c933103/AN-Paint/blob/80c14372b0504bc44f9f2809ad477247fdc8100b/Paintroid/src/main/res/values/strings.xml#L404	https://github.com/c933103/AN-Paint/blob/80c14372b0504bc44f9f2809ad477247fdc8100b/Paintroid/src/main/res/values-pt-rBR/strings.xml#L467	https://github.com/c933103/AN-Paint/blob/80c14372b0504bc44f9f2809ad477247fdc8100b/Paintroid/src/main/java/org/catrobat/paintroid/classic/PaintDocument.kt#L348-L381 ; https://github.com/c933103/AN-Paint/blob/80c14372b0504bc44f9f2809ad477247fdc8100b/Paintroid/src/main/java/org/catrobat/paintroid/classic/PaintDocument.kt#L461-L465	Correct clipboard terminology: Copiar and Recortar use the transformed image. Crop to selection is a separate geometry operation; sharing the everyday word recortar is not evidence of a wrong clipboard command. Manual has no production consumer found.
C26	ui_the_arrow_on_the_left_directly_below_the	Retained legacy manual: clipboard-control placement sentence	The arrow on the left directly below the toolbar collapses or restores the tools: up to collapse, down to expand. In portrait, the tool strip runs horizontally below the toolbar; swipe it to reach more tools. In landscape, it stays on the left. Brush groups Pencil, Brush, Watercolor and Airbrush. Selection groups rectangular and free-form selections. Insert groups lines, shapes and text. Tap a category to expand its tools and settings directly below the strip in portrait, or to its right in landscape. Tap it again to collapse; the arrow reverses. Categories remember the tool last used in them. Scroll the bounded options panel for further settings and edit controls. Both panels start expanded on the first launch of this layout; later choices are remembered. In landscape, the top controls share one row with the filename centred. Credits & terms: «File > About, licences & credits».\n\nThe FG/BG colour indicator stays fixed at the lower left, beside the palette. The palette opens directly to its right on the same row. Its arrow is on the right edge: left to collapse the palette, right to expand it. Collapsing hides the extra swatches without moving the indicator. Tapping the colour box also toggles the palette. Tap a swatch for foreground or hold for background. FG/BG opens Palette, Honeycomb and Advanced. Advanced has spectrum, wheel, RGB, HSV, HSL and six-digit hex controls. The four cells at the far right keep recent colours; tap for foreground or hold for background. Custom colours start with Pale Violet #5B67FF, Gold #FFD700, Silver #C0C0C0 and Copper #B87333. Hold a custom swatch to replace it. The main editor uses opaque colours; transparent imports are placed onto the current BG colour. Original source files are unchanged.\n\nNavigate replaces the magnifying-glass tool: drag with one finger to pan, pinch with two fingers to zoom and pan. Tap Navigate again or Draw again to return to drawing. Two-finger navigation also works in drawing tools without leaving paint marks. The bottom-right slider has a centre line at 100%. Zoom in/out buttons stop at 100% when a step would cross it; press again to continue. The adjacent Fit button fits and centres the canvas in the view. View also provides 100% and a pixel grid.\n\nAutosave records the current draft after a short editing pause, and when you leave the app. The status shows Draft saved or an autosave error. Reopening restores the draft, filename, tool settings, floating selection and unfinished geometry. Autosave keeps a private working draft. File offers PNG, adjustable-quality JPEG and HEIC, and lossless or lossy JPEG XL, WebP and AVIF. Save as chooses the image format, settings and location; Save writes there again. Export as and Save and share write a copy without changing the current Save destination or marking the drawing saved. Save and share then opens Android sharing. The filename star means the drawing has unsaved changes. Source images are never overwritten by autosave.\n\nSelections: draw a rectangle or free-form outline. Drag inside to move, drag a square corner or edge midpoint to resize, or drag the round Rotate handle to rotate. Lock proportions is on by default; switch it off to stretch width and height independently. Edge handles resize along the selected side. Free-form selections keep their selected shape within the transform box, including after rotation and autosave. The dimensions and angle appear in the sidebar. Commit selection applies the result as one undoable selection edit; autosave retains unfinished transforms. Copy, Cut and Crop to selection use the transformed image. Select all is in the second row of edit icons, and Ctrl+A works on an external keyboard. Cut/Copy and Paste/Select all form two rows below How to use. Selection masks preserve the selected shape; the document itself remains opaque.\n\nCanvas bounds: drag handles inward to trim or outward to expand on any side, then Apply bounds. New space uses BG; existing pixels are not scaled. Cancel and Undo are available. Resize image, Canvas size and New image also accept Pixels or Percent with an optional aspect lock.\n\nCurve: draw a line and drag twice to bend it. Polygon: tap vertices, then double-tap the final vertex or use Finish polygon. Switch off Close polygon to draw connected open segments. Rounded rectangle: set Radius (px) with its slider; each shape limits the radius to half its shorter side. Text: tap the canvas, choose a font displayed in its own style and use the live preview. Options include size, bold, italic, underline, strikethrough, alignment, line spacing and a BG text box. Watercolor is in the Brush category beside Brush and Airbrush; adjust strength for softer strokes. Pencil, brush and tool size sliders go up to 100 pixels. Pencil starts at 1 pixel and remembers its own width. Tap the displayed number for exact numeric entry. Heart, Star and Arrow have the same outline/fill choices as other shapes. View > Cursor drawing expands its enable switch, cursor shape and magnifier settings. Drag to position the cursor, tap the on-screen drawing button, then pan to draw. Tap again to stop drawing. Brush and stroke settings remain under Draw > Drawing. View > Magnified preview displays the cursor or drawing point at an adjustable magnification. Drawing settings also offers antialiasing and stroke smoothing. Eleven additional fonts are bundled; Font licences has their credits and full terms.\n\nFile > Load image replaces the canvas through Android\'s picker. «Draw → Insert → Other images» provides device files, Catrobat, Irasutoya and Openclipart. Choose a device image, or open an online artwork page and tap «Use image», to add an image as a floating selection. File > About, licences & credits > Image credits keeps the source links and licence notice. Images within the device memory budget load at original resolution. If needed, a resize-choice dialog shows dimensions, pixel count and memory estimates, with Pixels/Percent sizing and optional aspect lock. The original file stays unchanged.\n\n«File» > Image assembly opens a separate workspace for up to 20 images. Sort thumbnails by filename or time. Crop one image or batch-crop several. Same width / Same height normalizes all loaded images while preserving aspect ratios. Drag thumbnails or placed images to snap right/top aligned or bottom/left aligned. Unplace removes just the selected placement and closes the gap. «Show all» adjusts the view zoom. Save PNG exports the assembly; Edit in Paint transfers it as an undoable edit. The app uses one opaque image editor. Image assembly is a separate arrangement workspace.\n\nThe «File > About, licences & credits» panel includes original copyright, asset/font credits, full licence text and this version\'s complete source. Licence text scrolls independently of the fixed Copy all, Other terms and Done buttons.	A seta à esquerda, imediatamente abaixo da barra de ferramentas, recolhe ou repõe as ferramentas: para cima recolhe, para baixo expande. Na orientação vertical, a faixa de ferramentas fica horizontalmente abaixo da barra; deslize-a para acessar mais ferramentas. Na horizontal, permanece à esquerda. «Pincel» agrupa Lápis, Pincel, Aquarela e Aerógrafo. «Seleção» agrupa seleções retangulares e de forma livre. «Inserir» agrupa linhas, formas e texto. Toque em uma categoria para expandir suas ferramentas e configurações diretamente abaixo da faixa na orientação vertical, ou à direita na horizontal. Toque novamente para recolher; a seta inverte-se. As categorias memorizam a última ferramenta usada. Role o painel limitado de opções para ver mais configurações e controles de edição. Ambos os painéis começam expandidos no primeiro uso deste layout; as escolhas seguintes ficam memorizadas. Na horizontal, os controles superiores compartilham uma linha com o nome do arquivo centralizado. Créditos e termos: «Arquivo > Sobre, licenças e créditos».\n\nO indicador de cor FG/BG fica fixo no canto inferior esquerdo, junto à paleta. A paleta abre diretamente à sua direita, na mesma linha. A seta fica na extremidade direita: esquerda para recolher a paleta, direita para expandi-la. Recolher oculta as amostras adicionais sem mover o indicador. Tocar na caixa de cor também alterna a paleta. Toque em uma amostra para primeiro plano ou mantenha-a pressionada para fundo. FG/BG abre Paleta, Favo de mel e Avançado. «Avançado» inclui controles de espectro, roda, RGB, HSV, HSL e hexadecimal de seis dígitos. As quatro células à direita guardam cores recentes; toque para primeiro plano ou mantenha pressionado para fundo. As cores personalizadas começam em Violeta-claro #5B67FF, Dourado #FFD700, Prateado #C0C0C0 e Cobre #B87333. Mantenha uma amostra personalizada pressionada para substituí-la. O editor principal usa cores opacas; as importações transparentes são colocadas sobre a cor BG atual. Os arquivos de origem não são alterados.\n\n«Navegar» substitui a lupa: arraste com um dedo para mover, faça pinça com dois dedos para ampliar e mover. Toque novamente em «Navegar» ou em «Desenhar novamente» para voltar a desenhar. A navegação com dois dedos também funciona nas ferramentas de desenho sem deixar marcas. O controle deslizante no canto inferior direito tem uma linha central nos 100%. Os botões ampliar/reduzir param nos 100% quando um passo os atravessaria; pressione novamente para continuar. O botão «Ajustar» adjacente ajusta e centraliza a tela na vista. «Exibir» também oferece 100% e uma grade de pixels.\n\nO salvamento automático registra o rascunho atual após uma breve pausa na edição e ao sair do aplicativo. O estado mostra «Rascunho salvo» ou um erro de salvamento automático. Ao reabrir, são restaurados o rascunho, o nome do arquivo, as configurações das ferramentas, a seleção flutuante e a geometria inacabada. O salvamento automático mantém um rascunho de trabalho privado. «Arquivo» oferece PNG, JPEG e HEIC com qualidade ajustável, e JPEG XL, WebP e AVIF sem perdas ou com perdas. «Salvar e compartilhar» escreve o arquivo antes de abrir o compartilhamento do Android. «Exportar» salva no local escolhido; a estrela junto ao nome do arquivo indica que existem alterações não salvas após a exportação. O salvamento automático nunca substitui as imagens de origem.\n\nSeleções: desenhe um retângulo ou um contorno de forma livre. Arraste no interior para mover, arraste uma alça quadrada de canto ou do ponto médio da margem para redimensionar, ou arraste a alça redonda «Girar» para girar. «Bloquear proporções» está ativo por padrão; desative-o para esticar largura e altura de forma independente. As alças das margens redimensionam apenas no lado selecionado. As seleções de forma livre mantêm a forma selecionada dentro da caixa de transformação, inclusive após rotação e salvamento automático. As dimensões e o ângulo aparecem no painel lateral. «Confirmar seleção» aplica o resultado como uma única edição de seleção anulável; o salvamento automático preserva transformações inacabadas. Copiar, Recortar e «Recortar para a seleção» usam a imagem transformada. «Selecionar tudo» está na segunda fila de ícones de edição e Ctrl+A funciona em um teclado externo. Recortar/Copiar e Colar/Selecionar tudo formam duas filas abaixo de «Como usar». As máscaras de seleção preservam a forma selecionada; o documento continua opaco.\n\nLimites da tela: arraste as alças para dentro para recortar ou para fora para expandir em qualquer lado e depois escolha «Aplicar limites». O novo espaço usa BG; os pixels existentes não são dimensionados. «Cancelar» e «Desfazer» estão disponíveis. «Redimensionar imagem», «Tamanho da tela» e «Nova imagem» também aceitam Pixels ou Porcentagem, com bloqueio de proporção opcional.\n\nCurva: desenhe uma linha e arraste duas vezes para curvá-la. Polígono: toque nos vértices e depois toque duas vezes no último, ou use «Terminar polígono». Desative «Fechar polígono» para desenhar segmentos abertos ligados. Retângulo arredondado: defina «Raio (px)» com o controle; cada forma limita o raio a metade do lado mais curto. Texto: toque na tela, escolha uma fonte exibida no próprio estilo e use a prévia em tempo real. As opções incluem tamanho, negrito, itálico, sublinhado, tachado, alinhamento, espaçamento entre linhas e uma caixa de texto com cor BG. Aquarela está na categoria Pincel, junto de Pincel e Aerógrafo; ajuste a intensidade para traços mais suaves. Os controles de tamanho do lápis, pincel e ferramentas vão até 100 pixels. O Lápis começa em 1 pixel e memoriza a própria largura. Toque no número apresentado para entrada numérica precisa. Coração, Estrela e Seta têm as mesmas opções de contorno/preenchimento das outras formas. Exibir > Desenho com cursor expande o interruptor de ativação, a forma do cursor e as configurações da lupa. Arraste para posicionar o cursor, toque no botão de desenho na tela e depois mova para desenhar. Toque novamente para parar. As configurações de pincel e traço permanecem em Desenhar > Desenho. Exibir > Prévia ampliada mostra o cursor ou ponto de desenho com uma ampliação ajustável. «Configurações de desenho» também oferece antisserrilhado e suavização do traço. Estão incluídas onze fontes adicionais; «Licenças das fontes» contém os créditos e termos completos.\n\nArquivo > Abrir imagem substitui a tela através do seletor do Android. «Desenhar → Inserir → Outras imagens» oferece arquivos do dispositivo, Catrobat, Irasutoya e Openclipart. Escolha uma imagem do dispositivo, ou abra a página de uma ilustração online e toque em «Usar imagem», para adicioná-la como seleção flutuante. Arquivo > Sobre, licenças e créditos > Créditos das imagens salva os links de origem e o aviso de licença. As imagens dentro do limite de memória do dispositivo são carregadas na resolução original. Se necessário, uma caixa de escolha de redimensionamento mostra dimensões, número de pixels e estimativas de memória, com tamanho em Pixels/Porcentagem e bloqueio de proporção opcional. O arquivo original permanece inalterado.\n\n«Arquivo» > Montagem de imagens abre uma área de trabalho separada para até 20 imagens. Ordene as miniaturas por nome de arquivo ou hora. Recorte uma imagem ou várias em lote. «Mesma largura / Mesma altura» normaliza todas as imagens carregadas preservando as proporções. Arraste miniaturas ou imagens colocadas para encaixar à direita/alinhado pelo topo ou em baixo/alinhado pela esquerda. «Retirar» remove apenas a colocação selecionada e fecha o espaço. «Mostrar tudo» ajusta a ampliação da vista. «Salvar PNG» exporta a montagem; «Editar no Paint» transfere-a como uma edição anulável. O aplicativo usa um editor de uma única imagem opaca. A montagem de imagens é uma área de organização separada.\n\nO painel «Arquivo > Sobre, licenças e créditos» inclui direitos autorais originais, créditos de recursos/fontes, texto integral das licenças e o código-fonte completo desta versão. O texto da licença move-se independentemente dos botões fixos «Copiar tudo», «Outros termos» e «Concluído».	https://github.com/c933103/AN-Paint/blob/80c14372b0504bc44f9f2809ad477247fdc8100b/Paintroid/src/main/res/values/strings.xml#L404	https://github.com/c933103/AN-Paint/blob/80c14372b0504bc44f9f2809ad477247fdc8100b/Paintroid/src/main/res/values-pt-rBR/strings.xml#L467	https://github.com/c933103/AN-Paint/blob/80c14372b0504bc44f9f2809ad477247fdc8100b/Paintroid/src/main/java/org/catrobat/paintroid/classic/ClassicPaintActivity.kt#L564-L585 ; https://github.com/c933103/AN-Paint/blob/80c14372b0504bc44f9f2809ad477247fdc8100b/Paintroid/src/main/java/org/catrobat/paintroid/classic/ClassicPaintActivity.kt#L838-L844	Terms correct but placement stale in both English and pt-BR: claims Cut/Copy and Paste/Select all are two rows below How to use. Current clipboard icons are in the header; Select all is in Edit. No production consumer found. Broader legacy-manual correction remains open; no selective pt-BR rewrite made here.
C27	ui_the_arrow_on_the_left_directly_below_the	Retained legacy manual: fixed Copy all in legal panel	The arrow on the left directly below the toolbar collapses or restores the tools: up to collapse, down to expand. In portrait, the tool strip runs horizontally below the toolbar; swipe it to reach more tools. In landscape, it stays on the left. Brush groups Pencil, Brush, Watercolor and Airbrush. Selection groups rectangular and free-form selections. Insert groups lines, shapes and text. Tap a category to expand its tools and settings directly below the strip in portrait, or to its right in landscape. Tap it again to collapse; the arrow reverses. Categories remember the tool last used in them. Scroll the bounded options panel for further settings and edit controls. Both panels start expanded on the first launch of this layout; later choices are remembered. In landscape, the top controls share one row with the filename centred. Credits & terms: «File > About, licences & credits».\n\nThe FG/BG colour indicator stays fixed at the lower left, beside the palette. The palette opens directly to its right on the same row. Its arrow is on the right edge: left to collapse the palette, right to expand it. Collapsing hides the extra swatches without moving the indicator. Tapping the colour box also toggles the palette. Tap a swatch for foreground or hold for background. FG/BG opens Palette, Honeycomb and Advanced. Advanced has spectrum, wheel, RGB, HSV, HSL and six-digit hex controls. The four cells at the far right keep recent colours; tap for foreground or hold for background. Custom colours start with Pale Violet #5B67FF, Gold #FFD700, Silver #C0C0C0 and Copper #B87333. Hold a custom swatch to replace it. The main editor uses opaque colours; transparent imports are placed onto the current BG colour. Original source files are unchanged.\n\nNavigate replaces the magnifying-glass tool: drag with one finger to pan, pinch with two fingers to zoom and pan. Tap Navigate again or Draw again to return to drawing. Two-finger navigation also works in drawing tools without leaving paint marks. The bottom-right slider has a centre line at 100%. Zoom in/out buttons stop at 100% when a step would cross it; press again to continue. The adjacent Fit button fits and centres the canvas in the view. View also provides 100% and a pixel grid.\n\nAutosave records the current draft after a short editing pause, and when you leave the app. The status shows Draft saved or an autosave error. Reopening restores the draft, filename, tool settings, floating selection and unfinished geometry. Autosave keeps a private working draft. File offers PNG, adjustable-quality JPEG and HEIC, and lossless or lossy JPEG XL, WebP and AVIF. Save as chooses the image format, settings and location; Save writes there again. Export as and Save and share write a copy without changing the current Save destination or marking the drawing saved. Save and share then opens Android sharing. The filename star means the drawing has unsaved changes. Source images are never overwritten by autosave.\n\nSelections: draw a rectangle or free-form outline. Drag inside to move, drag a square corner or edge midpoint to resize, or drag the round Rotate handle to rotate. Lock proportions is on by default; switch it off to stretch width and height independently. Edge handles resize along the selected side. Free-form selections keep their selected shape within the transform box, including after rotation and autosave. The dimensions and angle appear in the sidebar. Commit selection applies the result as one undoable selection edit; autosave retains unfinished transforms. Copy, Cut and Crop to selection use the transformed image. Select all is in the second row of edit icons, and Ctrl+A works on an external keyboard. Cut/Copy and Paste/Select all form two rows below How to use. Selection masks preserve the selected shape; the document itself remains opaque.\n\nCanvas bounds: drag handles inward to trim or outward to expand on any side, then Apply bounds. New space uses BG; existing pixels are not scaled. Cancel and Undo are available. Resize image, Canvas size and New image also accept Pixels or Percent with an optional aspect lock.\n\nCurve: draw a line and drag twice to bend it. Polygon: tap vertices, then double-tap the final vertex or use Finish polygon. Switch off Close polygon to draw connected open segments. Rounded rectangle: set Radius (px) with its slider; each shape limits the radius to half its shorter side. Text: tap the canvas, choose a font displayed in its own style and use the live preview. Options include size, bold, italic, underline, strikethrough, alignment, line spacing and a BG text box. Watercolor is in the Brush category beside Brush and Airbrush; adjust strength for softer strokes. Pencil, brush and tool size sliders go up to 100 pixels. Pencil starts at 1 pixel and remembers its own width. Tap the displayed number for exact numeric entry. Heart, Star and Arrow have the same outline/fill choices as other shapes. View > Cursor drawing expands its enable switch, cursor shape and magnifier settings. Drag to position the cursor, tap the on-screen drawing button, then pan to draw. Tap again to stop drawing. Brush and stroke settings remain under Draw > Drawing. View > Magnified preview displays the cursor or drawing point at an adjustable magnification. Drawing settings also offers antialiasing and stroke smoothing. Eleven additional fonts are bundled; Font licences has their credits and full terms.\n\nFile > Load image replaces the canvas through Android\'s picker. «Draw → Insert → Other images» provides device files, Catrobat, Irasutoya and Openclipart. Choose a device image, or open an online artwork page and tap «Use image», to add an image as a floating selection. File > About, licences & credits > Image credits keeps the source links and licence notice. Images within the device memory budget load at original resolution. If needed, a resize-choice dialog shows dimensions, pixel count and memory estimates, with Pixels/Percent sizing and optional aspect lock. The original file stays unchanged.\n\n«File» > Image assembly opens a separate workspace for up to 20 images. Sort thumbnails by filename or time. Crop one image or batch-crop several. Same width / Same height normalizes all loaded images while preserving aspect ratios. Drag thumbnails or placed images to snap right/top aligned or bottom/left aligned. Unplace removes just the selected placement and closes the gap. «Show all» adjusts the view zoom. Save PNG exports the assembly; Edit in Paint transfers it as an undoable edit. The app uses one opaque image editor. Image assembly is a separate arrangement workspace.\n\nThe «File > About, licences & credits» panel includes original copyright, asset/font credits, full licence text and this version\'s complete source. Licence text scrolls independently of the fixed Copy all, Other terms and Done buttons.	A seta à esquerda, imediatamente abaixo da barra de ferramentas, recolhe ou repõe as ferramentas: para cima recolhe, para baixo expande. Na orientação vertical, a faixa de ferramentas fica horizontalmente abaixo da barra; deslize-a para acessar mais ferramentas. Na horizontal, permanece à esquerda. «Pincel» agrupa Lápis, Pincel, Aquarela e Aerógrafo. «Seleção» agrupa seleções retangulares e de forma livre. «Inserir» agrupa linhas, formas e texto. Toque em uma categoria para expandir suas ferramentas e configurações diretamente abaixo da faixa na orientação vertical, ou à direita na horizontal. Toque novamente para recolher; a seta inverte-se. As categorias memorizam a última ferramenta usada. Role o painel limitado de opções para ver mais configurações e controles de edição. Ambos os painéis começam expandidos no primeiro uso deste layout; as escolhas seguintes ficam memorizadas. Na horizontal, os controles superiores compartilham uma linha com o nome do arquivo centralizado. Créditos e termos: «Arquivo > Sobre, licenças e créditos».\n\nO indicador de cor FG/BG fica fixo no canto inferior esquerdo, junto à paleta. A paleta abre diretamente à sua direita, na mesma linha. A seta fica na extremidade direita: esquerda para recolher a paleta, direita para expandi-la. Recolher oculta as amostras adicionais sem mover o indicador. Tocar na caixa de cor também alterna a paleta. Toque em uma amostra para primeiro plano ou mantenha-a pressionada para fundo. FG/BG abre Paleta, Favo de mel e Avançado. «Avançado» inclui controles de espectro, roda, RGB, HSV, HSL e hexadecimal de seis dígitos. As quatro células à direita guardam cores recentes; toque para primeiro plano ou mantenha pressionado para fundo. As cores personalizadas começam em Violeta-claro #5B67FF, Dourado #FFD700, Prateado #C0C0C0 e Cobre #B87333. Mantenha uma amostra personalizada pressionada para substituí-la. O editor principal usa cores opacas; as importações transparentes são colocadas sobre a cor BG atual. Os arquivos de origem não são alterados.\n\n«Navegar» substitui a lupa: arraste com um dedo para mover, faça pinça com dois dedos para ampliar e mover. Toque novamente em «Navegar» ou em «Desenhar novamente» para voltar a desenhar. A navegação com dois dedos também funciona nas ferramentas de desenho sem deixar marcas. O controle deslizante no canto inferior direito tem uma linha central nos 100%. Os botões ampliar/reduzir param nos 100% quando um passo os atravessaria; pressione novamente para continuar. O botão «Ajustar» adjacente ajusta e centraliza a tela na vista. «Exibir» também oferece 100% e uma grade de pixels.\n\nO salvamento automático registra o rascunho atual após uma breve pausa na edição e ao sair do aplicativo. O estado mostra «Rascunho salvo» ou um erro de salvamento automático. Ao reabrir, são restaurados o rascunho, o nome do arquivo, as configurações das ferramentas, a seleção flutuante e a geometria inacabada. O salvamento automático mantém um rascunho de trabalho privado. «Arquivo» oferece PNG, JPEG e HEIC com qualidade ajustável, e JPEG XL, WebP e AVIF sem perdas ou com perdas. «Salvar e compartilhar» escreve o arquivo antes de abrir o compartilhamento do Android. «Exportar» salva no local escolhido; a estrela junto ao nome do arquivo indica que existem alterações não salvas após a exportação. O salvamento automático nunca substitui as imagens de origem.\n\nSeleções: desenhe um retângulo ou um contorno de forma livre. Arraste no interior para mover, arraste uma alça quadrada de canto ou do ponto médio da margem para redimensionar, ou arraste a alça redonda «Girar» para girar. «Bloquear proporções» está ativo por padrão; desative-o para esticar largura e altura de forma independente. As alças das margens redimensionam apenas no lado selecionado. As seleções de forma livre mantêm a forma selecionada dentro da caixa de transformação, inclusive após rotação e salvamento automático. As dimensões e o ângulo aparecem no painel lateral. «Confirmar seleção» aplica o resultado como uma única edição de seleção anulável; o salvamento automático preserva transformações inacabadas. Copiar, Recortar e «Recortar para a seleção» usam a imagem transformada. «Selecionar tudo» está na segunda fila de ícones de edição e Ctrl+A funciona em um teclado externo. Recortar/Copiar e Colar/Selecionar tudo formam duas filas abaixo de «Como usar». As máscaras de seleção preservam a forma selecionada; o documento continua opaco.\n\nLimites da tela: arraste as alças para dentro para recortar ou para fora para expandir em qualquer lado e depois escolha «Aplicar limites». O novo espaço usa BG; os pixels existentes não são dimensionados. «Cancelar» e «Desfazer» estão disponíveis. «Redimensionar imagem», «Tamanho da tela» e «Nova imagem» também aceitam Pixels ou Porcentagem, com bloqueio de proporção opcional.\n\nCurva: desenhe uma linha e arraste duas vezes para curvá-la. Polígono: toque nos vértices e depois toque duas vezes no último, ou use «Terminar polígono». Desative «Fechar polígono» para desenhar segmentos abertos ligados. Retângulo arredondado: defina «Raio (px)» com o controle; cada forma limita o raio a metade do lado mais curto. Texto: toque na tela, escolha uma fonte exibida no próprio estilo e use a prévia em tempo real. As opções incluem tamanho, negrito, itálico, sublinhado, tachado, alinhamento, espaçamento entre linhas e uma caixa de texto com cor BG. Aquarela está na categoria Pincel, junto de Pincel e Aerógrafo; ajuste a intensidade para traços mais suaves. Os controles de tamanho do lápis, pincel e ferramentas vão até 100 pixels. O Lápis começa em 1 pixel e memoriza a própria largura. Toque no número apresentado para entrada numérica precisa. Coração, Estrela e Seta têm as mesmas opções de contorno/preenchimento das outras formas. Exibir > Desenho com cursor expande o interruptor de ativação, a forma do cursor e as configurações da lupa. Arraste para posicionar o cursor, toque no botão de desenho na tela e depois mova para desenhar. Toque novamente para parar. As configurações de pincel e traço permanecem em Desenhar > Desenho. Exibir > Prévia ampliada mostra o cursor ou ponto de desenho com uma ampliação ajustável. «Configurações de desenho» também oferece antisserrilhado e suavização do traço. Estão incluídas onze fontes adicionais; «Licenças das fontes» contém os créditos e termos completos.\n\nArquivo > Abrir imagem substitui a tela através do seletor do Android. «Desenhar → Inserir → Outras imagens» oferece arquivos do dispositivo, Catrobat, Irasutoya e Openclipart. Escolha uma imagem do dispositivo, ou abra a página de uma ilustração online e toque em «Usar imagem», para adicioná-la como seleção flutuante. Arquivo > Sobre, licenças e créditos > Créditos das imagens salva os links de origem e o aviso de licença. As imagens dentro do limite de memória do dispositivo são carregadas na resolução original. Se necessário, uma caixa de escolha de redimensionamento mostra dimensões, número de pixels e estimativas de memória, com tamanho em Pixels/Porcentagem e bloqueio de proporção opcional. O arquivo original permanece inalterado.\n\n«Arquivo» > Montagem de imagens abre uma área de trabalho separada para até 20 imagens. Ordene as miniaturas por nome de arquivo ou hora. Recorte uma imagem ou várias em lote. «Mesma largura / Mesma altura» normaliza todas as imagens carregadas preservando as proporções. Arraste miniaturas ou imagens colocadas para encaixar à direita/alinhado pelo topo ou em baixo/alinhado pela esquerda. «Retirar» remove apenas a colocação selecionada e fecha o espaço. «Mostrar tudo» ajusta a ampliação da vista. «Salvar PNG» exporta a montagem; «Editar no Paint» transfere-a como uma edição anulável. O aplicativo usa um editor de uma única imagem opaca. A montagem de imagens é uma área de organização separada.\n\nO painel «Arquivo > Sobre, licenças e créditos» inclui direitos autorais originais, créditos de recursos/fontes, texto integral das licenças e o código-fonte completo desta versão. O texto da licença move-se independentemente dos botões fixos «Copiar tudo», «Outros termos» e «Concluído».	https://github.com/c933103/AN-Paint/blob/80c14372b0504bc44f9f2809ad477247fdc8100b/Paintroid/src/main/res/values/strings.xml#L404	https://github.com/c933103/AN-Paint/blob/80c14372b0504bc44f9f2809ad477247fdc8100b/Paintroid/src/main/res/values-pt-rBR/strings.xml#L467	https://github.com/c933103/AN-Paint/blob/80c14372b0504bc44f9f2809ad477247fdc8100b/Paintroid/src/main/java/org/catrobat/paintroid/classic/LegalInfo.kt#L81-L100	Correct clipboard clause: Copiar tudo is the actual fixed legal-dialog button. Text scrolls independently. No production consumer found for this manual resource.
E01	ui_the_draft_is_saving_try_again_shortly	Cut/Copy/Paste rejected while autosaving	The draft is saving. Try again shortly.	O rascunho está sendo salvo. Tente novamente em instantes.	https://github.com/c933103/AN-Paint/blob/80c14372b0504bc44f9f2809ad477247fdc8100b/Paintroid/src/main/res/values/strings.xml#L413	https://github.com/c933103/AN-Paint/blob/80c14372b0504bc44f9f2809ad477247fdc8100b/Paintroid/src/main/res/values-pt-rBR/strings.xml#L476	https://github.com/c933103/AN-Paint/blob/80c14372b0504bc44f9f2809ad477247fdc8100b/Paintroid/src/main/java/org/catrobat/paintroid/classic/ClassicPaintActivity.kt#L915-L916	Correct: draft is saving; retry shortly. Header actions silently ignore busy state separately; there is no additional clipboard caption there.
E02	ui_there_is_not_enough_memory_for_this_operation	Shared edit wrapper catches clipboard bitmap allocation OOM	There is not enough memory for this operation at the original resolution. No automatic resizing was applied.	Não há memória suficiente para esta operação na resolução original. Não foi aplicado qualquer redimensionamento automático.	https://github.com/c933103/AN-Paint/blob/80c14372b0504bc44f9f2809ad477247fdc8100b/Paintroid/src/main/res/values/strings.xml#L436	https://github.com/c933103/AN-Paint/blob/80c14372b0504bc44f9f2809ad477247fdc8100b/Paintroid/src/main/res/values-pt-rBR/strings.xml#L499	https://github.com/c933103/AN-Paint/blob/80c14372b0504bc44f9f2809ad477247fdc8100b/Paintroid/src/main/java/org/catrobat/paintroid/classic/ClassicPaintActivity.kt#L915-L931	Correct source meaning: insufficient memory at original resolution and no automatic resize. No new clipboard term occurs.
E03	ui_could_not_complete_the_edit	Shared edit wrapper for clipboard IOException/IllegalArgumentException	Could not complete the edit. %1$s	Não foi possível concluir a edição. %1$s	https://github.com/c933103/AN-Paint/blob/80c14372b0504bc44f9f2809ad477247fdc8100b/Paintroid/src/main/res/values/strings.xml#L104	https://github.com/c933103/AN-Paint/blob/80c14372b0504bc44f9f2809ad477247fdc8100b/Paintroid/src/main/res/values-pt-rBR/strings.xml#L253	https://github.com/c933103/AN-Paint/blob/80c14372b0504bc44f9f2809ad477247fdc8100b/Paintroid/src/main/java/org/catrobat/paintroid/classic/ClassicPaintActivity.kt#L915-L931	Correct localized wrapper; preserves %1$s for the exception reason. Arbitrary OS/dependency exception-message localization is not certified by this catalogue review.
E04	ui_please_try_again	Fallback reason when shared edit exception has no message	Please try again.	Tente novamente.	https://github.com/c933103/AN-Paint/blob/80c14372b0504bc44f9f2809ad477247fdc8100b/Paintroid/src/main/res/values/strings.xml#L305	https://github.com/c933103/AN-Paint/blob/80c14372b0504bc44f9f2809ad477247fdc8100b/Paintroid/src/main/res/values-pt-rBR/strings.xml#L402	https://github.com/c933103/AN-Paint/blob/80c14372b0504bc44f9f2809ad477247fdc8100b/Paintroid/src/main/java/org/catrobat/paintroid/classic/ClassicPaintActivity.kt#L929-L931	Correct: Tente novamente.
E05	ui_selection_dimensions_are_too_large	Copy/cut transformed selection has out-of-range dimensions	Selection dimensions are too large.	As dimensões da seleção são demasiado grandes.	https://github.com/c933103/AN-Paint/blob/80c14372b0504bc44f9f2809ad477247fdc8100b/Paintroid/src/main/res/values/strings.xml#L364	https://github.com/c933103/AN-Paint/blob/80c14372b0504bc44f9f2809ad477247fdc8100b/Paintroid/src/main/res/values-pt-rBR/strings.xml#L439	https://github.com/c933103/AN-Paint/blob/80c14372b0504bc44f9f2809ad477247fdc8100b/Paintroid/src/main/java/org/catrobat/paintroid/classic/PaintDocument.kt#L349-L355	Meaning correct: selected dimensions are too large. demasiado is understandable Portuguese but less customary in Brazil than grandes demais; a stylistic preference alone is not a verified clipboard mistranslation, so no unrelated rewrite.
E06	ui_enter_positive_image_dimensions	Shared allocation guard rejects invalid dimensions	Enter positive image dimensions.	Insira dimensões positivas para a imagem.	https://github.com/c933103/AN-Paint/blob/80c14372b0504bc44f9f2809ad477247fdc8100b/Paintroid/src/main/res/values/strings.xml#L180	https://github.com/c933103/AN-Paint/blob/80c14372b0504bc44f9f2809ad477247fdc8100b/Paintroid/src/main/res/values-pt-rBR/strings.xml#L318	https://github.com/c933103/AN-Paint/blob/80c14372b0504bc44f9f2809ad477247fdc8100b/Paintroid/src/main/java/org/catrobat/paintroid/classic/ImageMemoryPolicy.kt#L43-L44	Correct: positive image dimensions required. Generic image-size resource, recorded because clipboard rendering calls the guard.
E07	ui_d_d_pixels_2f_mp_exceeds_the_current	Shared bitmap-memory admission failure during copy/paste	%1$d × %2$d pixels (%3$.2f MP) exceeds the current safe editing budget of %4$.2f MP. AN Paint keeps the complete image in memory and reserves space for transforms and selections. Available memory determines this budget. The operation was stopped before allocating the oversized bitmap. No automatic resizing was applied.	%1$d × %2$d pixels (%3$.2f MP) excedem o limite seguro de edição atual de %4$.2f MP. O AN Paint mantém a imagem completa na memória e reserva espaço para transformações e seleções. A memória disponível determina esse limite. A operação foi interrompida antes de alocar o bitmap grande demais. Nenhum redimensionamento automático foi aplicado.	https://github.com/c933103/AN-Paint/blob/80c14372b0504bc44f9f2809ad477247fdc8100b/Paintroid/src/main/res/values/strings.xml#L132	https://github.com/c933103/AN-Paint/blob/80c14372b0504bc44f9f2809ad477247fdc8100b/Paintroid/src/main/res/values-pt-rBR/strings.xml#L277	https://github.com/c933103/AN-Paint/blob/80c14372b0504bc44f9f2809ad477247fdc8100b/Paintroid/src/main/java/org/catrobat/paintroid/classic/ImageMemoryPolicy.kt#L43-L50 ; https://github.com/c933103/AN-Paint/blob/80c14372b0504bc44f9f2809ad477247fdc8100b/Paintroid/src/main/java/org/catrobat/paintroid/classic/ClassicPaintActivity.kt#L924-L931 ; https://github.com/c933103/AN-Paint/blob/80c14372b0504bc44f9f2809ad477247fdc8100b/Paintroid/src/main/java/org/catrobat/paintroid/classic/PaintDocument.kt#L355 ; https://github.com/c933103/AN-Paint/blob/80c14372b0504bc44f9f2809ad477247fdc8100b/Paintroid/src/main/java/org/catrobat/paintroid/classic/PaintDocument.kt#L394	Correct meaning and positional numeric placeholders: operation exceeds safe editing budget, is stopped before the large allocation, and is not automatically resized. This is resource review, not allocation-failure execution.
E08	ui_invalid_autosave_metadata	Paste preflights credit metadata/history before mutation	Invalid autosave metadata.	Metadados de salvamento automático inválidos.	https://github.com/c933103/AN-Paint/blob/80c14372b0504bc44f9f2809ad477247fdc8100b/Paintroid/src/main/res/values/strings.xml#L247	https://github.com/c933103/AN-Paint/blob/80c14372b0504bc44f9f2809ad477247fdc8100b/Paintroid/src/main/res/values-pt-rBR/strings.xml#L365	https://github.com/c933103/AN-Paint/blob/80c14372b0504bc44f9f2809ad477247fdc8100b/Paintroid/src/main/java/org/catrobat/paintroid/classic/PaintDocument.kt#L386-L392 ; https://github.com/c933103/AN-Paint/blob/80c14372b0504bc44f9f2809ad477247fdc8100b/Paintroid/src/main/java/org/catrobat/paintroid/classic/ClassicPaintActivity.kt#L221-L226 ; https://github.com/c933103/AN-Paint/blob/80c14372b0504bc44f9f2809ad477247fdc8100b/Paintroid/src/main/java/org/catrobat/paintroid/classic/AutosaveStore.kt#L36-L40 ; https://github.com/c933103/AN-Paint/blob/80c14372b0504bc44f9f2809ad477247fdc8100b/Paintroid/src/main/java/org/catrobat/paintroid/classic/HistoryArchive.kt#L18-L34	Correct localized invalid-autosave-metadata reason when these guards reject the enlarged record. It can appear after the localized edit-failure wrapper; clipboard terminology adds no special noun here.
E09	gallery_credit_too_large	Credit editor Copy credit preflight failure	These image credits would make the drawing too large to restore. Your previous drawing and credits have been kept.	Estes créditos das imagens tornariam o desenho grande demais para ser restaurado. O desenho e os créditos anteriores foram preservados.	https://github.com/c933103/AN-Paint/blob/80c14372b0504bc44f9f2809ad477247fdc8100b/Paintroid/src/main/res/values/strings.xml#L693	https://github.com/c933103/AN-Paint/blob/80c14372b0504bc44f9f2809ad477247fdc8100b/Paintroid/src/main/res/values-pt-rBR/strings.xml#L694	https://github.com/c933103/AN-Paint/blob/80c14372b0504bc44f9f2809ad477247fdc8100b/Paintroid/src/main/java/org/catrobat/paintroid/classic/GalleryCredits.kt#L109-L120 ; https://github.com/c933103/AN-Paint/blob/80c14372b0504bc44f9f2809ad477247fdc8100b/Paintroid/src/main/java/org/catrobat/paintroid/classic/GalleryCredits.kt#L142	Correct: modified credits would make the drawing too large to restore, with prior drawing and credits kept; copy does not run after failure.
E10	gallery_credit_could_not_save	Credit editor Copy credit save/restore failure	The image credits could not be saved or restored. Existing saved credits have been kept. Try again.	Não foi possível salvar ou restaurar os créditos das imagens. Os créditos já salvos foram preservados. Tente novamente.	https://github.com/c933103/AN-Paint/blob/80c14372b0504bc44f9f2809ad477247fdc8100b/Paintroid/src/main/res/values/strings.xml#L694	https://github.com/c933103/AN-Paint/blob/80c14372b0504bc44f9f2809ad477247fdc8100b/Paintroid/src/main/res/values-pt-rBR/strings.xml#L695	https://github.com/c933103/AN-Paint/blob/80c14372b0504bc44f9f2809ad477247fdc8100b/Paintroid/src/main/java/org/catrobat/paintroid/classic/GalleryCredits.kt#L116-L120 ; https://github.com/c933103/AN-Paint/blob/80c14372b0504bc44f9f2809ad477247fdc8100b/Paintroid/src/main/java/org/catrobat/paintroid/classic/GalleryCredits.kt#L142	Correct: prior saved credits remain and retry is offered; copy runs only after successful save.
E11	ui_image_credits	Commons metadata-only Copy credit progress text	Image credits	Créditos das imagens	https://github.com/c933103/AN-Paint/blob/80c14372b0504bc44f9f2809ad477247fdc8100b/Paintroid/src/main/res/values/strings.xml#L240	https://github.com/c933103/AN-Paint/blob/80c14372b0504bc44f9f2809ad477247fdc8100b/Paintroid/src/main/res/values-pt-rBR/strings.xml#L360	https://github.com/c933103/AN-Paint/blob/80c14372b0504bc44f9f2809ad477247fdc8100b/Paintroid/src/main/java/org/catrobat/paintroid/classic/MediaGalleryActivity.kt#L254-L265	Correct subject label: Créditos das imagens plus an ellipsis; this is attribution lookup, not a bitmap download.
E12	ui_could_not_load_gallery_image	Commons metadata-only Copy credit Exception catch	Could not load gallery image: %1$s	Não foi possível carregar a imagem da galeria: %1$s	https://github.com/c933103/AN-Paint/blob/80c14372b0504bc44f9f2809ad477247fdc8100b/Paintroid/src/main/res/values/strings.xml#L110	https://github.com/c933103/AN-Paint/blob/80c14372b0504bc44f9f2809ad477247fdc8100b/Paintroid/src/main/res/values-pt-rBR/strings.xml#L259	https://github.com/c933103/AN-Paint/blob/80c14372b0504bc44f9f2809ad477247fdc8100b/Paintroid/src/main/java/org/catrobat/paintroid/classic/MediaGalleryActivity.kt#L267-L268	Translation matches English, but operation wording is wrong: no image-load operation was requested. Owned by PR34 at 209098ae341d28a6ca3279c5c1ed53476d84ee99; do not duplicate the fix.
E13	ui_not_enough_memory_to_inspect_the_gallery_image	Commons metadata-only Copy credit OOM catch	Not enough memory to inspect the gallery image.	Não há memória suficiente para analisar a imagem da galeria.	https://github.com/c933103/AN-Paint/blob/80c14372b0504bc44f9f2809ad477247fdc8100b/Paintroid/src/main/res/values/strings.xml#L281	https://github.com/c933103/AN-Paint/blob/80c14372b0504bc44f9f2809ad477247fdc8100b/Paintroid/src/main/res/values-pt-rBR/strings.xml#L387	https://github.com/c933103/AN-Paint/blob/80c14372b0504bc44f9f2809ad477247fdc8100b/Paintroid/src/main/java/org/catrobat/paintroid/classic/MediaGalleryActivity.kt#L269-L270	Translation matches English; image-inspection wording is misleading for this metadata-copy action. Dedicated copy-credit OOM message is owned by PR34.
E14	colour_converter_unavailable	Commons metadata-only Copy credit LinkageError catch	The image colour converter could not start. The image was not imported.	Não foi possível iniciar o conversor de cor da imagem. A imagem não foi importada.	https://github.com/c933103/AN-Paint/blob/80c14372b0504bc44f9f2809ad477247fdc8100b/Paintroid/src/main/res/values/strings.xml#L554	https://github.com/c933103/AN-Paint/blob/80c14372b0504bc44f9f2809ad477247fdc8100b/Paintroid/src/main/res/values-pt-rBR/strings.xml#L583	https://github.com/c933103/AN-Paint/blob/80c14372b0504bc44f9f2809ad477247fdc8100b/Paintroid/src/main/java/org/catrobat/paintroid/classic/MediaGalleryActivity.kt#L271-L272	Translation matches English; incorrectly suggests an image colour converter/import operation. Dedicated copy-credit failure message is owned by PR34.
