tag	zero_digit	decimal_separator	legacy_integer	legacy_decimal	fixed_integer	fixed_decimal
en-001	U+0030	U+002E	125	12.5	125	12.5
af	U+0030	U+002C	125	125	125	12,5
ain-Kana	U+0030	U+002E	125	12.5	125	12.5
ain-Latn	U+0030	U+002E	125	12.5	125	12.5
am	U+0030	U+002E	125	12.5	125	12.5
ar	U+0660	U+066B			١٢٥	١٢٫٥
ast	U+0030	U+002C	125	125	125	12,5
az	U+0030	U+002C	125	125	125	12,5
be	U+0030	U+002C	125	125	125	12,5
bg	U+0030	U+002C	125	125	125	12,5
bn	U+09E6	U+002E		.	১২৫	১২.৫
bo	U+0030	U+002E	125	12.5	125	12.5
br	U+0030	U+002C	125	125	125	12,5
bs	U+0030	U+002C	125	125	125	12,5
ca	U+0030	U+002C	125	125	125	12,5
ca-ES-valencia	U+0030	U+002C	125	125	125	12,5
ceb	U+0030	U+002E	125	12.5	125	12.5
ckb	U+0660	U+066B			١٢٥	١٢٫٥
cs	U+0030	U+002C	125	125	125	12,5
csb	U+0030	U+002E	125	12.5	125	12.5
cy	U+0030	U+002E	125	12.5	125	12.5
da	U+0030	U+002C	125	125	125	12,5
de	U+0030	U+002C	125	125	125	12,5
dz	U+0F20	U+002E		.	༡༢༥	༡༢.༥
el	U+0030	U+002C	125	125	125	12,5
en-AU	U+0030	U+002E	125	12.5	125	12.5
en-CA	U+0030	U+002E	125	12.5	125	12.5
en-GB	U+0030	U+002E	125	12.5	125	12.5
en-IN	U+0030	U+002E	125	12.5	125	12.5
en-SG	U+0030	U+002E	125	12.5	125	12.5
en-US	U+0030	U+002E	125	12.5	125	12.5
en-XV	U+0030	U+002E	125	12.5	125	12.5
eo	U+0030	U+002C	125	125	125	12,5
es-419	U+0030	U+002E	125	12.5	125	12.5
es-ES	U+0030	U+002C	125	125	125	12,5
et	U+0030	U+002C	125	125	125	12,5
eu-ES	U+0030	U+002C	125	125	125	12,5
fa	U+06F0	U+066B			۱۲۵	۱۲٫۵
fa-IR	U+06F0	U+066B			۱۲۵	۱۲٫۵
fi	U+0030	U+002C	125	125	125	12,5
fr	U+0030	U+002C	125	125	125	12,5
fy	U+0030	U+002C	125	125	125	12,5
ga	U+0030	U+002E	125	12.5	125	12.5
gd	U+0030	U+002E	125	12.5	125	12.5
gl	U+0030	U+002C	125	125	125	12,5
gu	U+0030	U+002E	125	12.5	125	12.5
hak-Hant-TW	U+0030	U+002E	125	12.5	125	12.5
hak-Latn-TW	U+0030	U+002E	125	12.5	125	12.5
he	U+0030	U+002E	125	12.5	125	12.5
hi	U+0030	U+002E	125	12.5	125	12.5
hne	U+0030	U+002E	125	12.5	125	12.5
hr	U+0030	U+002C	125	125	125	12,5
hu	U+0030	U+002C	125	125	125	12,5
hy	U+0030	U+002C	125	125	125	12,5
ia	U+0030	U+002C	125	125	125	12,5
id	U+0030	U+002C	125	125	125	12,5
is	U+0030	U+002C	125	125	125	12,5
it	U+0030	U+002C	125	125	125	12,5
ja	U+0030	U+002E	125	12.5	125	12.5
jje	U+0030	U+002E	125	12.5	125	12.5
jv	U+0030	U+002C	125	125	125	12,5
ka	U+0030	U+002C	125	125	125	12,5
kab	U+0030	U+002C	125	125	125	12,5
kk	U+0030	U+002C	125	125	125	12,5
km	U+0030	U+002C	125	125	125	12,5
kn	U+0030	U+002E	125	12.5	125	12.5
ko-Kore-KR	U+0030	U+002E	125	12.5	125	12.5
ko-KP	U+0030	U+002E	125	12.5	125	12.5
ko-KR	U+0030	U+002E	125	12.5	125	12.5
ku	U+0030	U+002C	125	125	125	12,5
ky	U+0030	U+002C	125	125	125	12,5
la	U+0030	U+002E	125	12.5	125	12.5
lo	U+0030	U+002C	125	125	125	12,5
lt	U+0030	U+002C	125	125	125	12,5
lv	U+0030	U+002C	125	125	125	12,5
lzh-Hant	U+0030	U+002E	125	12.5	125	12.5
mai	U+0030	U+002E	125	12.5	125	12.5
mk	U+0030	U+002C	125	125	125	12,5
ml-IN	U+0030	U+002E	125	12.5	125	12.5
mn-Cyrl-MN	U+0030	U+002E	125	12.5	125	12.5
mn-Mong	U+0030	U+002E	125	12.5	125	12.5
mnc-Mong	U+0030	U+002E	125	12.5	125	12.5
mr	U+0966	U+002E		.	१२५	१२.५
ms	U+0030	U+002E	125	12.5	125	12.5
mww	U+0030	U+002E	125	12.5	125	12.5
my	U+1040	U+002E		.	၁၂၅	၁၂.၅
nan-Hant-TW	U+0030	U+002E	125	12.5	125	12.5
nan-Latn-TW	U+0030	U+002E	125	12.5	125	12.5
nds	U+0030	U+002E	125	12.5	125	12.5
ne	U+0966	U+002E		.	१२५	१२.५
nl	U+0030	U+002C	125	125	125	12,5
nn	U+0030	U+002C	125	125	125	12,5
no	U+0030	U+002C	125	125	125	12,5
oc	U+0030	U+002E	125	12.5	125	12.5
pa-IN	U+0030	U+002E	125	12.5	125	12.5
pl	U+0030	U+002C	125	125	125	12,5
ps	U+06F0	U+066B			۱۲۵	۱۲٫۵
pt-BR	U+0030	U+002C	125	125	125	12,5
pt-PT	U+0030	U+002C	125	125	125	12,5
qaa-Zsye-XV	U+0030	U+002E	125	12.5	125	12.5
ro	U+0030	U+002C	125	125	125	12,5
ru	U+0030	U+002C	125	125	125	12,5
rw	U+0030	U+002C	125	125	125	12,5
ryu	U+0030	U+002E	125	12.5	125	12.5
sd	U+0660	U+066B			١٢٥	١٢٫٥
se	U+0030	U+002C	125	125	125	12,5
shn	U+0030	U+002E	125	12.5	125	12.5
si	U+0030	U+002E	125	12.5	125	12.5
sk	U+0030	U+002C	125	125	125	12,5
sl	U+0030	U+002C	125	125	125	12,5
sq	U+0030	U+002C	125	125	125	12,5
sr-Cyrl	U+0030	U+002C	125	125	125	12,5
sr-Latn	U+0030	U+002C	125	125	125	12,5
sv	U+0030	U+002C	125	125	125	12,5
sw	U+0030	U+002E	125	12.5	125	12.5
ta	U+0030	U+002E	125	12.5	125	12.5
tdd	U+0030	U+002E	125	12.5	125	12.5
te	U+0030	U+002E	125	12.5	125	12.5
th	U+0030	U+002E	125	12.5	125	12.5
tl	U+0030	U+002E	125	12.5	125	12.5
tok	U+0030	U+002E	125	12.5	125	12.5
tr	U+0030	U+002C	125	125	125	12,5
tt-Cyrl	U+0030	U+002C	125	125	125	12,5
tt-Latn	U+0030	U+002C	125	125	125	12,5
ug	U+0030	U+002E	125	12.5	125	12.5
uk	U+0030	U+002C	125	125	125	12,5
ur	U+0030	U+002E	125	12.5	125	12.5
uz-Latn	U+0030	U+002C	125	125	125	12,5
vi	U+0030	U+002C	125	125	125	12,5
vi-Hani	U+0030	U+002C	125	125	125	12,5
wa	U+0030	U+002E	125	12.5	125	12.5
wuu-Hans	U+0030	U+002E	125	12.5	125	12.5
xh	U+0030	U+002E	125	12.5	125	12.5
yi	U+0030	U+002E	125	12.5	125	12.5
yue-Hant	U+0030	U+002E	125	12.5	125	12.5
yue-Latn	U+0030	U+002E	125	12.5	125	12.5
za	U+0030	U+002E	125	12.5	125	12.5
zh-CN	U+0030	U+002E	125	12.5	125	12.5
zh-HK	U+0030	U+002E	125	12.5	125	12.5
zh-TW	U+0030	U+002E	125	12.5	125	12.5
