id	requirement	acceptance_status	bounded_disposition	evidence	remaining_work
R-019	R4: recheck rather than inherit claims of full Ainu, Manchu, Jeju and Okinawan review.	Pending full recheck (unchanged)	Parent remains open	All five PR9 catalogue identities and structure are checked; historical full-language claims remain withdrawn. S2; J1; A1; M1; O1	Complete all individual P09 semantic and conversion rows before closing this parent.
P07-001	Recover the original default-English language-note deferral and later instruction.	Pending full recheck (unchanged)	Partial history recovery	Original PR7 scope and final visible reply recovered; the default-note intermediate hit could not be read as an exact message. H1	Recover the actual deferral and later correction; do not substitute the withdrawn handoff document.
P07-002	Recheck the current default-English language note against the app's actual resource workflow.	Pending full recheck (unchanged)	Current source rechecked	Default note says resources are maintained in AN Paint and new/untranslated text appears in English; picker reads that resource and XML remains canonical. S1	Reconcile the original note instruction and independently examine each translated counterpart.
P07-003	Recheck the precise scope and identities of the seven English variants.	Pending full recheck (unchanged)	Identities rechecked	Seven distinct English tags are present exactly once and each has 691 strings plus one plural. S2; H1	Confirm all original variant requirements and review regional meanings individually.
P07-004	Recheck European Portuguese configuration identity.	Pending full recheck (unchanged)	Configuration rechecked	pt-PT resolves to values-b+pt+PT; normalized configuration equals values-pt-rPT. S3	Retain this canonical identity during later edits; no semantic acceptance follows.
P07-005	Recheck duplicate Portuguese configuration removal.	Pending full recheck (unchanged)	Removal rechecked	Exactly one pt-PT strings directory exists; the legacy values-pt-rPT duplicate is absent in current source. S3	Preserve absence of the duplicate; do not restore the old final-message path claim.
P07-006	Recheck the equivalent-qualifier guard and its relevant cases.	Pending full recheck (unchanged)	Guard rechecked	Existing equivalent-qualifier cases pass; a fresh two-directory fixture is rejected. S3; T1	Keep the guard in CI; this does not review Portuguese wording.
P07-007	Recheck Brazilian Portuguese substantive semantic changes.	Pending full recheck (unchanged)	Semantic work remains	pt-BR structural validation passes and preserved branch deltas are independently compared. S2; S4	Recheck each substantive Brazilian Portuguese meaning, including inherited entries.
P07-008	Recheck Brazilian Portuguese clipboard terminology.	Pending full recheck (unchanged)	Terminology work remains	Current memory-estimate text contains área de transferência for clipboard. S5	Review every clipboard occurrence and operation context; a present term is not full terminology acceptance.
P07-009	Recheck the assertion that the entire Brazilian Portuguese rewrite is preserved.	Pending full recheck (unchanged)	Preservation partially rechecked	All 135 changed PR7 elements match current source, but that delta is not an audit of the entire earlier rewrite. S4	Map the full pt-BR rewrite and newer edits to their intended meanings, key by key.
P07-010	Recheck Italian full required scope and unresolved obligations.	Pending full recheck (unchanged)	Semantic work remains	Italian has full current structural coverage, 691 strings and one plural. S2	Recover and complete the Italian whole-catalogue review and every unresolved instruction.
P07-011	Recheck Greek full required scope and unresolved obligations.	Pending full recheck (unchanged)	Semantic work remains	Greek has full current structural coverage, 691 strings and one plural. S2	Recover and complete the Greek whole-catalogue review and every unresolved instruction.
P07-012	Recheck Turkish full required scope and unresolved obligations.	Pending full recheck (unchanged)	Semantic work remains	Turkish has full current structural coverage, 691 strings and one plural. S2	Recover and complete the Turkish whole-catalogue review and every unresolved instruction.
P07-013	Recheck every source and translated menu-route repair claimed for this PR.	Pending full recheck (unchanged)	Route regression subset rechecked	Eight localized-help tests pass, including active credit routes, final copyright paragraph, paste/cursor routes and selection-caption distinction. T1	Enumerate all historical route claims and check their actual handlers and complete prose individually.
P07-014	Recheck twelve-catalogue coverage and whether it meets the actual instruction.	Pending full recheck (unchanged)	Structural scope rechecked	The restored PR7 guard covers exactly twelve tags and six normalization keys; all twelve catalogues validate. S2; T2	Reconcile the full user instruction and semantic coverage; a key-count gate is insufficient.
P07-015	Recheck the deferred-tasks-implemented conclusion.	Pending full recheck (unchanged)	Conclusion remains withdrawn	Latest visible old final reply claims completion; reset still applies. H1; R1	Recheck every deferral and later action individually before making a replacement conclusion.
P07-016	Recheck the no-additional-current-PR7-defect conclusion.	Pending full recheck (unchanged)	Conclusion remains withdrawn	No new normalization/structural failure in this bounded pass; broader semantic review was not performed. T1; T2	Finish individual scope, meaning and history checks before any no-additional-defect statement.
P09-001	Recover the latest original Jeju, Manchu, Ainu and Okinawan instructions separately.	Pending full recheck (unchanged)	Partial history recovery	Original five-catalogue scope and final visible PR9 reply recovered; intermediate progress messages are incompletely readable. H2	Reconcile per-language intermediate instructions and later integration corrections individually.
P09-002	Recheck the Manchu progress correction of 625 complete and 44 remaining against original history.	Pending full recheck (unchanged)	History still unverified	Search returns the original 625/669 plus 44 remaining statement, but reading that exact message reports unavailable. H2	Recover the exact progress message and snapshot; search excerpts do not close the count correction.
P09-003	Recheck all five catalogue identities and complete required scope.	Pending full recheck (unchanged)	Identities rechecked	jje, mnc-Mong, ain-Kana, ain-Latn and ryu are registered once, with 691 strings and one plural each. S2	Reconcile complete per-language scope and meaning; 669 was the old snapshot count.
P09-004	Recheck jje registration.	Pending full recheck (unchanged)	Registration rechecked	Current picker registers jje exactly once; full metadata suite passes. S6; T1	Keep registration distinct from language adequacy and acceptance.
P09-005	Recheck cju migration without unintended current registration.	Pending full recheck (unchanged)	Migration partially rechecked	cju is absent from picker tags and maps to jje; exact eab2820 API30 Robolectric case checks saved-preference migration. S6; T3	Inspect platform-backend migration for this specific alias if required; do not infer it from a Hakka-only test.
P09-006	Recheck the stale cju test repair.	Pending full recheck (unchanged)	Test repair rechecked	Named regionalLabelsLegacyMigrationsAndStarterChoicesUseTheirCatalogues test now uses jje in the completed set and cju only as an alias; exact-base XML passes. S6; T3	Preserve this repaired expectation during subsequent source work; original reset flag stays unchanged.
P09-007	Recheck Jeju whole-clause grammar review and actual language adequacy.	Pending full recheck (unchanged)	Semantic work remains	The withdrawn Jeju grammar report was located; current resource identity and structure are known. S2; J1	Review all Jeju clauses against English, actual behavior and primary language evidence.
P09-008	Recheck Jeju finite-predicate review and repairs.	Pending full recheck (unchanged)	Semantic work remains	Finite-predicate repairs are historical claims in the Jeju report. J1	Independently recheck every claimed predicate change and its whole-clause use.
P09-009	Recheck Jeju memory-wording repairs.	Pending full recheck (unchanged)	Semantic work remains	The Jeju report identifies eight memory-error replacements as prior claims. J1	Recheck each resource, operation, unchanged-original clause and retry instruction separately.
P09-010	Recheck the claimed full source-assisted Ainu Latin review.	Pending full recheck (unchanged)	Semantic work remains	Ainu Latin catalogue is structurally complete; the source-assisted review is explicitly withdrawn. S2; A1	Reacquire primary sources and review every Latin entry, sentence and context.
P09-011	Recheck the claimed full source-assisted Ainu Kana review.	Pending full recheck (unchanged)	Semantic work remains	Ainu Kana catalogue is structurally complete; the source-assisted review is explicitly withdrawn. S2; A1	Review every Kana entry and its meaning/correspondence with Latin, preserving technical literals.
P09-012	Recheck Ainu file-count versus file-size meaning.	Pending full recheck (unchanged)	Semantic work remains	The Ainu historical report distinguishes fewer files from smaller individual files. A1	Identify and independently check both script versions of each file-count/file-size clause against actual behavior.
P09-013	Recheck Ainu Select all instruction placement.	Pending full recheck (unchanged)	Semantic work remains	The reset explicitly requires Select all placement; the normalization guard does not exercise it. R1	Recover the original finding and independently check command location and both script explanations.
P09-014	Recheck Manchu lexical review and actual repairs.	Pending full recheck (unchanged)	Semantic work remains	Manchu lexical and colour/typography audits were located as withdrawn records. M1	Recheck every lexical choice, repair and complete technical clause against its primary evidence.
P09-015	Recheck Manchu Unicode conversion.	Pending full recheck (unchanged)	Conversion work remains	Current mnc-Mong is the canonical Unicode resource and passes XML/placeholder validation. S2; M1	Independently compare intended romanization to Unicode and contextual shaping, entry by entry.
P09-016	Recheck Manchu newline-corruption repair.	Pending full recheck (unchanged)	Conversion work remains	Original final reply claims escaped-newline corruption was repaired; structural passage validity alone does not prove that fix. H2; M1	Locate each affected newline and verify literal escapes and displayed line breaks.
P09-017	Recheck Manchu partial-transliteration repair.	Pending full recheck (unchanged)	Conversion work remains	Original final reply claims partial transliteration was repaired. H2; M1	Check every affected non-Manchu technical literal and sentence; do not certify by script range alone.
P09-018	Recheck Manchu glyph checks and the exact text covered.	Pending full recheck (unchanged)	Picker layout subset rechecked	Exact-base manchuPickerUsesItsOwnJoinedVerticalAutonym passed. It checks name/code, adjacent columns, fitting and no ellipsis; it is not an all-catalogue glyph test. S7; T3	Recheck exact complete-text glyph coverage and installed-device matrix separately.
P09-019	Recheck the claimed full Okinawan grammar review.	Pending full recheck (unchanged)	Semantic work remains	Okinawan grammar review is retained only as a withdrawn historical claim. O1	Reacquire grammar evidence and rereview all required sentences.
P09-020	Recheck Okinawan short-action grammar.	Pending full recheck (unchanged)	Semantic work remains	Historical Okinawan report lists short-action repairs; no fresh whole short-control review was performed. O1	Check commands, outcome statements, case relations and changed caption dependencies individually.
P09-021	Recheck Okinawan connected-polygon-segment meaning.	Pending full recheck (unchanged)	Semantic work remains	Historical polygon repair describes connected segments with unjoined terminal endpoints. O1	Inspect open/closed polygon behavior and independently check the exact tooltip and manual clauses.
P09-022	Recheck Okinawan selection/aspect-ratio control caption.	Pending full recheck (unchanged)	Caption regression subset rechecked	Current localized-help test distinguishes selection ui_lock_proportions from resize ui_lock_aspect_ratio and passes. T1; O1	Independently review the Okinawan instruction and bound control; the guard rejects a known mismatch only.
P09-023	Recheck the no-new-current-PR9-defect conclusion.	Pending full recheck (unchanged)	Conclusion remains withdrawn	No new normalization/structural failure in this bounded pass; full semantics and conversion work remain. T1; T2	Complete individual language/history work before any no-new-defect conclusion.
TY-002	Recheck Manchu vertical layout and left-to-right column progression.	Pending full recheck (unchanged)	Engineering subset rechecked	Mong-script UI uses VERTICAL_LR and shared typography; bounded picker layout executed on exact source base. S7; T3	Complete independently evidenced installed-control, orientation and column-progression coverage.
GH-018	Inline finding 08: PR7 duplicate European Portuguese configuration.	Pending full recheck (unchanged)	Engineering finding rechecked	Original review asks for one equivalent pt-PT configuration. Current single BCP-47 directory and negative fixture independently satisfy that bounded source condition. S3; G1	Preserve source/configuration guard; no review-thread resolution changed.
GH-022	Inline finding 12: PR9 stale cju test assertion.	Pending full recheck (unchanged)	Engineering finding rechecked	Original stale-cju review is matched to current test source and exact eab2820 passing XML. S6; T3; G2	Preserve repaired tests; no review-thread resolution changed.
GH-023	Inline finding 13: PR9 Manchu vertical UI.	Pending full recheck (unchanged)	Engineering subset rechecked	Direction is script-based, typography selects Mong font and picker delegates to languageChoice; exact-base Manchu picker test passes. S7; T3; G3	Installed full vertical matrix is separate PR18 work; no all-UI claim or review-thread closure.
DOC-006	Recheck the documentation's Manchu progress correction.	Pending full recheck (unchanged)	History still unverified	625 complete/44 remaining is discoverable in a search excerpt but exact-message retrieval is unavailable. H2	Recover original message and snapshot, then correct only the specific documentation claim justified.
CAT-032	PR #7: `en-001`	Pending full recheck (unchanged)	Identity and structural coverage rechecked	S2 records en-001: exact canonical file and SHA-256, single registration, 691 strings/one plural, no missing translatable resources, no validator errors; T2 checks its six normalization resources.	Complete en-001 original-scope, source-fidelity, semantic/operational and publication recheck. Neither count nor guard execution closes this catalogue.
CAT-033	PR #7: `en-AU`	Pending full recheck (unchanged)	Identity and structural coverage rechecked	S2 records en-AU: exact canonical file and SHA-256, single registration, 691 strings/one plural, no missing translatable resources, no validator errors; T2 checks its six normalization resources.	Complete en-AU original-scope, source-fidelity, semantic/operational and publication recheck. Neither count nor guard execution closes this catalogue.
CAT-034	PR #7: `en-CA`	Pending full recheck (unchanged)	Identity and structural coverage rechecked	S2 records en-CA: exact canonical file and SHA-256, single registration, 691 strings/one plural, no missing translatable resources, no validator errors; T2 checks its six normalization resources.	Complete en-CA original-scope, source-fidelity, semantic/operational and publication recheck. Neither count nor guard execution closes this catalogue.
CAT-035	PR #7: `en-GB`	Pending full recheck (unchanged)	Identity and structural coverage rechecked	S2 records en-GB: exact canonical file and SHA-256, single registration, 691 strings/one plural, no missing translatable resources, no validator errors; T2 checks its six normalization resources.	Complete en-GB original-scope, source-fidelity, semantic/operational and publication recheck. Neither count nor guard execution closes this catalogue.
CAT-036	PR #7: `en-IN`	Pending full recheck (unchanged)	Identity and structural coverage rechecked	S2 records en-IN: exact canonical file and SHA-256, single registration, 691 strings/one plural, no missing translatable resources, no validator errors; T2 checks its six normalization resources.	Complete en-IN original-scope, source-fidelity, semantic/operational and publication recheck. Neither count nor guard execution closes this catalogue.
CAT-037	PR #7: `en-SG`	Pending full recheck (unchanged)	Identity and structural coverage rechecked	S2 records en-SG: exact canonical file and SHA-256, single registration, 691 strings/one plural, no missing translatable resources, no validator errors; T2 checks its six normalization resources.	Complete en-SG original-scope, source-fidelity, semantic/operational and publication recheck. Neither count nor guard execution closes this catalogue.
CAT-038	PR #7: `en-US`	Pending full recheck (unchanged)	Identity and structural coverage rechecked	S2 records en-US: exact canonical file and SHA-256, single registration, 691 strings/one plural, no missing translatable resources, no validator errors; T2 checks its six normalization resources.	Complete en-US original-scope, source-fidelity, semantic/operational and publication recheck. Neither count nor guard execution closes this catalogue.
CAT-039	PR #7: `pt-PT`	Pending full recheck (unchanged)	Identity and structural coverage rechecked	S2 records pt-PT: exact canonical file and SHA-256, single registration, 691 strings/one plural, no missing translatable resources, no validator errors; T2 checks its six normalization resources.	Complete pt-PT original-scope, source-fidelity, semantic/operational and publication recheck. Neither count nor guard execution closes this catalogue.
CAT-040	PR #7: `pt-BR`	Pending full recheck (unchanged)	Identity and structural coverage rechecked	S2 records pt-BR: exact canonical file and SHA-256, single registration, 691 strings/one plural, no missing translatable resources, no validator errors; T2 checks its six normalization resources.	Complete pt-BR original-scope, source-fidelity, semantic/operational and publication recheck. Neither count nor guard execution closes this catalogue.
CAT-041	PR #7: `it`	Pending full recheck (unchanged)	Identity and structural coverage rechecked	S2 records it: exact canonical file and SHA-256, single registration, 691 strings/one plural, no missing translatable resources, no validator errors; T2 checks its six normalization resources.	Complete it original-scope, source-fidelity, semantic/operational and publication recheck. Neither count nor guard execution closes this catalogue.
CAT-042	PR #7: `el`	Pending full recheck (unchanged)	Identity and structural coverage rechecked	S2 records el: exact canonical file and SHA-256, single registration, 691 strings/one plural, no missing translatable resources, no validator errors; T2 checks its six normalization resources.	Complete el original-scope, source-fidelity, semantic/operational and publication recheck. Neither count nor guard execution closes this catalogue.
CAT-043	PR #7: `tr`	Pending full recheck (unchanged)	Identity and structural coverage rechecked	S2 records tr: exact canonical file and SHA-256, single registration, 691 strings/one plural, no missing translatable resources, no validator errors; T2 checks its six normalization resources.	Complete tr original-scope, source-fidelity, semantic/operational and publication recheck. Neither count nor guard execution closes this catalogue.
CAT-048	PR #9: `jje`	Pending full recheck (unchanged)	Identity and structural coverage rechecked	S2 records jje: exact canonical file and SHA-256, single registration, 691 strings/one plural, no missing translatable resources, no validator errors; T2 checks its six normalization resources.	Complete jje original-scope, source-fidelity, semantic/operational and publication recheck. Neither count nor guard execution closes this catalogue.
CAT-049	PR #9: `mnc-Mong`	Pending full recheck (unchanged)	Identity and structural coverage rechecked	S2 records mnc-Mong: exact canonical file and SHA-256, single registration, 691 strings/one plural, no missing translatable resources, no validator errors; T2 checks its six normalization resources.	Complete mnc-Mong original-scope, source-fidelity, semantic/operational and publication recheck. Neither count nor guard execution closes this catalogue.
CAT-050	PR #9: `ain-Kana`	Pending full recheck (unchanged)	Identity and structural coverage rechecked	S2 records ain-Kana: exact canonical file and SHA-256, single registration, 691 strings/one plural, no missing translatable resources, no validator errors; T2 checks its six normalization resources.	Complete ain-Kana original-scope, source-fidelity, semantic/operational and publication recheck. Neither count nor guard execution closes this catalogue.
CAT-051	PR #9: `ain-Latn`	Pending full recheck (unchanged)	Identity and structural coverage rechecked	S2 records ain-Latn: exact canonical file and SHA-256, single registration, 691 strings/one plural, no missing translatable resources, no validator errors; T2 checks its six normalization resources.	Complete ain-Latn original-scope, source-fidelity, semantic/operational and publication recheck. Neither count nor guard execution closes this catalogue.
CAT-052	PR #9: `ryu`	Pending full recheck (unchanged)	Identity and structural coverage rechecked	S2 records ryu: exact canonical file and SHA-256, single registration, 691 strings/one plural, no missing translatable resources, no validator errors; T2 checks its six normalization resources.	Complete ryu original-scope, source-fidelity, semantic/operational and publication recheck. Neither count nor guard execution closes this catalogue.
