hangul	hanja	evidence	example_resource
결과	結果	stdict.tsv:173655	ui_help23
경계	境界	stdict.tsv:55931	ui_drag_out_to_expand_in_to_trim_drag
계속	繼續	stdict.tsv:177206	ui_keep_editing23
곡선	曲線	stdict.tsv:111871	ui_finish_curve
공간	空間	stdict.tsv:166682	ui_drag_out_to_expand_in_to_trim_drag
공유	共有	stdict.tsv:26739	ui_share_saved_image
기기	機器	stdict.tsv:121860	ui_from_device34
기록	記錄	stdict.tsv:201371	ui_history_unavailable34
다각형	多角形	stdict.tsv:58383	ui_finish_polygon
다시 실행	再實行	editorial synonym: 다시 → 再 (27646); 실행 → 實行 (71281)	ui_help23
도구	道具	stdict.tsv:218812	ui_expand_toolbox
도형	圖形	stdict.tsv:52947	ui_the_arrow_on_the_left_directly_below_the
명도	明度	stdict.tsv:108995	ui_hue_and_saturation_wheel_value_slider_on_the
무손실	無損失	무 → 無 (140878) + 손실 → 損失 (100452)	formats22_base64_description
문서	文書	stdict.tsv:105566	ui_android_could_not_find_a_file_picker_enable
문자	文字	stdict.tsv:105452	save20_invalid_name
미배치	未配置	미 → 未 (114740) + 배치 → 配置 (222169)	ui_not_placed
반투명	半透明	stdict.tsv:38768	ui_add_up_to_20_images_with_android_s
배경	背景	stdict.tsv:182042	ui_bg
배경색	背景色	배경 → 背景 (182042) + 색 → 色 (187615)	ui_colour_tap_foreground_hold_background
배치	配置	stdict.tsv:222169	ui_crop_preview_images
범위	範圍	stdict.tsv:169507	ui_no_attachment_fits_within_the_current_coordinate_range
변경	變更	stdict.tsv:205890	ui_resize_image
변환	變換	stdict.tsv:205870	colour_converter_unavailable
복구	復舊	stdict.tsv:85962	ui_a_separate_recovery_copy_has_been_kept_use
복사	複寫	stdict.tsv:197966	gallery_copy_credit
복원	復元	stdict.tsv:85811	ui_keeps_pixels_at_the_top_left_smaller_canvas
비율	比率	stdict.tsv:126455	ui_scales_the_image_unlock_the_ratio_to_stretch
사각형	四角形	stdict.tsv:51199	ui_rectangle_select
사용	使用	stdict.tsv:16048	ui_android_could_not_find_a_file_picker_enable
사용자	使用者	stdict.tsv:16057	ui_add_to_custom_colours
삭제	削除	stdict.tsv:33046	ui_delete_selection
삽입	揷入	stdict.tsv:100370	ui_paste_hint34
색상	色相	stdict.tsv:187711	colour_converter_unavailable
색상환	色相環	stdict.tsv:187712	ui_wheel
색조	色調	stdict.tsv:187757	ui_hue_and_saturation_wheel_value_slider_on_the
선택	選擇	stdict.tsv:220023	ui_pencil_keeps_crisp_one_pixel_strokes_cursor_drawing
설명	說明	stdict.tsv:203303	ui_gallery_artwork_catrobat_and_its_credited_creators_cc
설정	設定	stdict.tsv:201514	ui_android_could_not_find_a_file_picker_enable
수정	修正	stdict.tsv:17952	ui_modified_oldest_first
수채화	水彩畫	stdict.tsv:127558	ui_draw_soft_watercolor_strokes_strength_controls_how_strongly
시간	時間	stdict.tsv:110260	ui_modified_oldest_first
실시간	實時間	stdict.tsv:71139	ui_the_arrow_on_the_left_directly_below_the
실행	實行	stdict.tsv:71281	ui_keeps_pixels_at_the_top_left_smaller_canvas
안전	安全	stdict.tsv:67088	ui_d_d_pixels_2f_mp_exceeds_the_current
암호	暗號	stdict.tsv:111220	formats22_pdf_encrypted
암호화	暗號化	stdict.tsv:111221	formats22_pdf_encrypted
압축	壓縮	stdict.tsv:56598	ui_save_explanation23
언어	言語	stdict.tsv:200731	ui_languages23
연결	連結	stdict.tsv:217241	ui_crop_preview_images
연필	鉛筆	stdict.tsv:225727	ui_pencil_keeps_crisp_one_pixel_strokes_cursor_drawing
영역	領域	stdict.tsv:239899	ui_crop_preview_drag_an_edge_or_corner_drag
원본	原本	stdict.tsv:40951	gallery_credit_licence
원점	原點	stdict.tsv:41106	ui_add_up_to_20_images_with_android_s
위치	位置	stdict.tsv:14937	ui_crop_preview_images
윤곽선	輪廓線	stdict.tsv:212852	ui_drag_between_opposite_corners_to_draw_a_five
일괄	一括	stdict.tsv:625	ui_batch_crop_images
입력	入力	stdict.tsv:23398	ui_enter_a_whole_number_from_to
자동	自動	stdict.tsv:184641	ui_autosave_image_encoding_failed
작업	作業	stdict.tsv:15697	ui_estimated_memory_current_working_budget
작품	作品	stdict.tsv:15583	gallery_credit_licence
재배치	再配置	stdict.tsv:28273	ui_add_up_to_20_images_with_android_s
저작권	著作權	stdict.tsv:191262	gallery_description
저장	貯藏	stdict.tsv:207759	ui_draft_pending
적용	適用	stdict.tsv:219629	ui_crop_preview_images
전경	前景	stdict.tsv:33281	ui_foreground_colour
전경색	前景色	전경 → 前景 (33281) + 색 → 色 (187615)	ui_colour_tap_foreground_hold_background
전체	全體	stdict.tsv:25024	ui_fit_entire_canvas_in_view
정렬	整列	stdict.tsv:104952	ui_sort_tray
정보	情報	stdict.tsv:89635	ui_about_credits23
정사각형	正四角形	stdict.tsv:123810	formats22_ico_description
제거	除去	stdict.tsv:231899	gallery_credit_edit_hint
제작자	製作者	stdict.tsv:197699	ui_creator_on_source34
조합	組合	stdict.tsv:173406	ui_could_not_save_the_assembly
좌표	座標	stdict.tsv:80978	ui_no_attachment_fits_within_the_current_coordinate_range
지원	支援	stdict.tsv:102397	colour_invalid_metadata
지정	指定	stdict.tsv:97593	ui_add_to_custom_colours
채도	彩度	stdict.tsv:83908	ui_hue_and_saturation_wheel_value_slider_on_the
초안	草案	stdict.tsv:189379	ui_draft_pending
추가	追加	stdict.tsv:214805	ui_px_drag_an_image_to_move_hold_a
축소	縮小	stdict.tsv:176260	ui_image_assembly_workspace_drag_placed_images_or_drop
출력	出力	stdict.tsv:29645	ui_no_resize_fits_decoder_memory
출처	出處	stdict.tsv:30044	gallery_credit_source
취소	取消	stdict.tsv:42164	ui_no_resize_fits_decoder_memory
편집	編輯	stdict.tsv:175938	ui_could_not_complete_the_edit
표시	表示	stdict.tsv:196635	ui_pixel_grid_help33
품질	品質	stdict.tsv:47869	ui_quality
한도	限度	stdict.tsv:231654	ui_estimated_memory_current_working_budget
해상도	解像度	stdict.tsv:200187	ui_the_arrow_on_the_left_directly_below_the
현재	現在	stdict.tsv:148839	ui_replace_with_active23
형식	形式	stdict.tsv:83795	ui_save_explanation23
화면	畫面	stdict.tsv:152360	ui_fit_entire_canvas_in_view
확대	擴大	stdict.tsv:102098	ui_zoom_in
확정	確定	stdict.tsv:161715	ui_draw_around_an_area_drag_inside_to_move
회색조	灰色調	회색 → 灰色 (140166) + 조 → 調 (203446)	ui_honeycomb_colour_swatches_with_a_greyscale_row
회전	回轉	stdict.tsv:51655	ui_rotate_180
획	劃	stdict.tsv:34306	ui_cursor_help31
